	Chrom	Start	End	Module	Gene	TF	TFBS	Sample
0	chr9	32344650	32344821	Module_37310	ACO1	IRF3	IRF3_M5572_1.02	0h_sample
1	chr9	32344650	32344821	Module_37310	ACO1	IRF4	IRF4_M5573_1.02	0h_sample
2	chr9	32344650	32344821	Module_37310	ACO1	IRF	IRF_known14	0h_sample
3	chr9	71487183	71487354	Module_37526	CBWD6	CTCF	CTCF_M4592_1.02	0h_sample
4	chr9	71487183	71487354	Module_37526	PIP5K1B	CTCF	CTCF_M4592_1.02	0h_sample
5	chr9	71487183	71487354	Module_37526	FAM122A	CTCF	CTCF_M4592_1.02	0h_sample
6	chr9	71487183	71487354	Module_37526	PGM5P2	CTCF	CTCF_M4592_1.02	0h_sample
7	chr9	71487183	71487354	Module_37526	CBWD6	POU3F1	POU3F1_2	0h_sample
8	chr9	71487183	71487354	Module_37526	PIP5K1B	POU3F1	POU3F1_2	0h_sample
9	chr9	71487183	71487354	Module_37526	FAM122A	POU3F1	POU3F1_2	0h_sample
10	chr9	71487183	71487354	Module_37526	PGM5P2	POU3F1	POU3F1_2	0h_sample
11	chr9	32344650	32344821	Module_37310	ACO1	IRF	IRF_known20	0h_sample
12	chr9	32344650	32344821	Module_37310	ACO1	IRF3	IRF3_M5572_1.02	3h_sample
13	chr9	32344650	32344821	Module_37310	ACO1	IRF4	IRF4_M5573_1.02	3h_sample
14	chr9	32344650	32344821	Module_37310	ACO1	IRF	IRF_known14	3h_sample
15	chr9	71487183	71487354	Module_37526	CBWD6	CTCF	CTCF_M4592_1.02	3h_sample
16	chr9	71487183	71487354	Module_37526	FAM122A	CTCF	CTCF_M4592_1.02	3h_sample
17	chr9	71487183	71487354	Module_37526	PGM5P2	CTCF	CTCF_M4592_1.02	3h_sample
18	chr9	71487183	71487354	Module_37526	CBWD6	POU3F1	POU3F1_2	3h_sample
19	chr9	71487183	71487354	Module_37526	FAM122A	POU3F1	POU3F1_2	3h_sample
20	chr9	71487183	71487354	Module_37526	PGM5P2	POU3F1	POU3F1_2	3h_sample
21	chr9	32344650	32344821	Module_37310	ACO1	IRF	IRF_known20	3h_sample
22	chr9	32344650	32344821	Module_37310	ACO1	IRF3	IRF3_M5572_1.02	6h_sample
23	chr9	32344650	32344821	Module_37310	ACO1	IRF4	IRF4_M5573_1.02	6h_sample
24	chr9	32344650	32344821	Module_37310	ACO1	IRF	IRF_known14	6h_sample
25	chr9	71487183	71487354	Module_37526	CBWD6	CTCF	CTCF_M4592_1.02	6h_sample
26	chr9	71487183	71487354	Module_37526	FAM122A	CTCF	CTCF_M4592_1.02	6h_sample
27	chr9	71487183	71487354	Module_37526	PGM5P2	CTCF	CTCF_M4592_1.02	6h_sample
28	chr9	71487183	71487354	Module_37526	CBWD6	POU3F1	POU3F1_2	6h_sample
29	chr9	71487183	71487354	Module_37526	FAM122A	POU3F1	POU3F1_2	6h_sample
30	chr9	71487183	71487354	Module_37526	PGM5P2	POU3F1	POU3F1_2	6h_sample
31	chr9	32344650	32344821	Module_37310	ACO1	IRF	IRF_known20	6h_sample
32	chr9	32344650	32344821	Module_37310	ACO1	IRF3	IRF3_M5572_1.02	12h_sample
33	chr9	32344650	32344821	Module_37310	ACO1	IRF4	IRF4_M5573_1.02	12h_sample
34	chr9	32344650	32344821	Module_37310	ACO1	IRF	IRF_known14	12h_sample
35	chr9	71487183	71487354	Module_37526	CBWD6	CTCF	CTCF_M4592_1.02	12h_sample
36	chr9	71487183	71487354	Module_37526	FAM122A	CTCF	CTCF_M4592_1.02	12h_sample
37	chr9	71487183	71487354	Module_37526	PGM5P2	CTCF	CTCF_M4592_1.02	12h_sample
38	chr9	71487183	71487354	Module_37526	CBWD6	POU3F1	POU3F1_2	12h_sample
39	chr9	71487183	71487354	Module_37526	FAM122A	POU3F1	POU3F1_2	12h_sample
40	chr9	71487183	71487354	Module_37526	PGM5P2	POU3F1	POU3F1_2	12h_sample
41	chr9	32344650	32344821	Module_37310	ACO1	IRF	IRF_known20	12h_sample
42	chr9	32344650	32344821	Module_37310	ACO1	IRF3	IRF3_M5572_1.02	24h_sample
43	chr9	32344650	32344821	Module_37310	ACO1	IRF4	IRF4_M5573_1.02	24h_sample
44	chr9	32344650	32344821	Module_37310	ACO1	IRF	IRF_known14	24h_sample
45	chr9	71487183	71487354	Module_37526	CBWD6	CTCF	CTCF_M4592_1.02	24h_sample
46	chr9	71487183	71487354	Module_37526	PIP5K1B	CTCF	CTCF_M4592_1.02	24h_sample
47	chr9	71487183	71487354	Module_37526	FAM122A	CTCF	CTCF_M4592_1.02	24h_sample
48	chr9	71487183	71487354	Module_37526	PGM5P2	CTCF	CTCF_M4592_1.02	24h_sample
49	chr9	71487183	71487354	Module_37526	CBWD6	POU3F1	POU3F1_2	24h_sample
50	chr9	71487183	71487354	Module_37526	PIP5K1B	POU3F1	POU3F1_2	24h_sample
51	chr9	71487183	71487354	Module_37526	FAM122A	POU3F1	POU3F1_2	24h_sample
52	chr9	71487183	71487354	Module_37526	PGM5P2	POU3F1	POU3F1_2	24h_sample
53	chr9	32344650	32344821	Module_37310	ACO1	IRF	IRF_known20	24h_sample
54	chr9	32344650	32344821	Module_37310	ACO1	IRF3	IRF3_M5572_1.02	48h_sample
55	chr9	32344650	32344821	Module_37310	ACO1	IRF4	IRF4_M5573_1.02	48h_sample
56	chr9	32344650	32344821	Module_37310	ACO1	IRF	IRF_known14	48h_sample
57	chr9	71487183	71487354	Module_37526	FAM122A	CTCF	CTCF_M4592_1.02	48h_sample
58	chr9	71487183	71487354	Module_37526	FAM122A	POU3F1	POU3F1_2	48h_sample
59	chr9	32344650	32344821	Module_37310	ACO1	IRF	IRF_known20	48h_sample
60	chr9	32344650	32344821	Module_37310	ACO1	IRF	IRF_known20	48h_sample
61	chr9	32344650	32344821	Module_37310	ACO1	IRF3	IRF3_M5572_1.02	72h_sample
62	chr9	32344650	32344821	Module_37310	ACO1	IRF4	IRF4_M5573_1.02	72h_sample
63	chr9	32344650	32344821	Module_37310	ACO1	IRF	IRF_known14	72h_sample
64	chr9	32344650	32344821	Module_37310	ACO1	IRF	IRF_known20	72h_sample
65	chr9	32344650	32344821	Module_37310	ACO1	IRF	IRF_known20	72h_sample
66	chr8	132986373	132986544	Module_36873	EFR3A	FOXP3	FOXP3_1	0h_sample
67	chr8	132986373	132986544	Module_36873	EFR3A	HOXA5	HOXA5_3	0h_sample
68	chr8	103918611	103918782	Module_36645	AZIN1	FOSL1	FOSL1_M2279_1.02	6h_sample
69	chr8	103918611	103918782	Module_36645	AZIN1	JUN	JUN_M4531_1.02	6h_sample
70	chr8	103918611	103918782	Module_36645	AZIN1	SRF	SRF_known1	6h_sample
71	chr8	103918611	103918782	Module_36645	AZIN1	SRF	SRF_known7	6h_sample
72	chr8	132986373	132986544	Module_36873	EFR3A	FOXP3	FOXP3_1	6h_sample
73	chr8	132986373	132986544	Module_36873	EFR3A	HOXA5	HOXA5_3	6h_sample
74	chr8	132986373	132986544	Module_36873	EFR3A	FOXP3	FOXP3_1	12h_sample
75	chr8	132986373	132986544	Module_36873	EFR3A	HOXA5	HOXA5_3	12h_sample
76	chr13	43167712	43167883	Module_9837	TNFSF11	SOX7	SOX7_4	0h_sample
77	chr13	43167712	43167883	Module_9837	TNFSF11	SOX7	SOX7_4	0h_sample
78	chr13	43167230	43167401	Module_9837	TNFSF11	MEIS2	MEIS2_4	0h_sample
79	chr13	43167230	43167401	Module_9837	TNFSF11	MEIS3	MEIS3_3	0h_sample
80	chr13	43167230	43167401	Module_9837	TNFSF11	PKNOX2	PKNOX2_M5721_1.02	0h_sample
81	chr13	43167230	43167401	Module_9837	TNFSF11	PAX6	PAX6_M6410_1.02	0h_sample
82	chr13	43167230	43167401	Module_9837	TNFSF11	MEIS2	MEIS2_1	0h_sample
83	chr13	43167230	43167401	Module_9837	TNFSF11	PAX6	PAX6_M6410_1.02	0h_sample
84	chr13	43167712	43167883	Module_9837	TNFSF11	SOX7	SOX7_4	3h_sample
85	chr13	43167712	43167883	Module_9837	TNFSF11	SOX7	SOX7_M5837_1.02	3h_sample
86	chr13	43167712	43167883	Module_9837	TNFSF11	SOX7	SOX7_4	3h_sample
87	chr13	43167712	43167883	Module_9837	TNFSF11	SOX7	SOX7_M5837_1.02	3h_sample
88	chr13	43167230	43167401	Module_9837	TNFSF11	MEIS2	MEIS2_4	3h_sample
89	chr13	43167230	43167401	Module_9837	TNFSF11	MEIS3	MEIS3_3	3h_sample
90	chr13	43167230	43167401	Module_9837	TNFSF11	PKNOX2	PKNOX2_M5721_1.02	3h_sample
91	chr13	43167230	43167401	Module_9837	TNFSF11	PAX6	PAX6_M6410_1.02	3h_sample
92	chr13	43167230	43167401	Module_9837	TNFSF11	MEIS2	MEIS2_1	3h_sample
93	chr13	43167230	43167401	Module_9837	TNFSF11	PAX6	PAX6_M6410_1.02	3h_sample
94	chr13	43167712	43167883	Module_9837	DGKH	SOX7	SOX7_4	6h_sample
95	chr13	43167712	43167883	Module_9837	TNFSF11	SOX7	SOX7_4	6h_sample
96	chr13	43167712	43167883	Module_9837	DGKH	SOX7	SOX7_M5837_1.02	6h_sample
97	chr13	43167712	43167883	Module_9837	TNFSF11	SOX7	SOX7_M5837_1.02	6h_sample
98	chr13	43167712	43167883	Module_9837	DGKH	SOX7	SOX7_4	6h_sample
99	chr13	43167712	43167883	Module_9837	TNFSF11	SOX7	SOX7_4	6h_sample
100	chr13	43167712	43167883	Module_9837	DGKH	SOX7	SOX7_M5837_1.02	6h_sample
101	chr13	43167712	43167883	Module_9837	TNFSF11	SOX7	SOX7_M5837_1.02	6h_sample
102	chr13	43167230	43167401	Module_9837	DGKH	MEIS2	MEIS2_4	6h_sample
103	chr13	43167230	43167401	Module_9837	TNFSF11	MEIS2	MEIS2_4	6h_sample
104	chr13	43167230	43167401	Module_9837	DGKH	MEIS3	MEIS3_3	6h_sample
105	chr13	43167230	43167401	Module_9837	TNFSF11	MEIS3	MEIS3_3	6h_sample
106	chr13	43167230	43167401	Module_9837	DGKH	PKNOX2	PKNOX2_M5721_1.02	6h_sample
107	chr13	43167230	43167401	Module_9837	TNFSF11	PKNOX2	PKNOX2_M5721_1.02	6h_sample
108	chr13	43167230	43167401	Module_9837	DGKH	PAX6	PAX6_M6410_1.02	6h_sample
109	chr13	43167230	43167401	Module_9837	TNFSF11	PAX6	PAX6_M6410_1.02	6h_sample
110	chr13	43167230	43167401	Module_9837	DGKH	MEIS2	MEIS2_1	6h_sample
111	chr13	43167230	43167401	Module_9837	TNFSF11	MEIS2	MEIS2_1	6h_sample
112	chr13	43167712	43167883	Module_9837	TNFSF11	SOX7	SOX7_4	12h_sample
113	chr13	43167712	43167883	Module_9837	TNFSF11	SOX7	SOX7_M5837_1.02	12h_sample
114	chr13	43167712	43167883	Module_9837	TNFSF11	SOX7	SOX7_4	12h_sample
115	chr13	43167712	43167883	Module_9837	TNFSF11	SOX7	SOX7_M5837_1.02	12h_sample
116	chr13	43167230	43167401	Module_9837	TNFSF11	MEIS2	MEIS2_4	12h_sample
117	chr13	43167230	43167401	Module_9837	TNFSF11	MEIS3	MEIS3_3	12h_sample
118	chr13	43167230	43167401	Module_9837	TNFSF11	PKNOX2	PKNOX2_M5721_1.02	12h_sample
119	chr13	43167230	43167401	Module_9837	TNFSF11	PAX6	PAX6_M6410_1.02	12h_sample
120	chr13	43167712	43167883	Module_9837	TNFSF11	SOX7	SOX7_4	24h_sample
121	chr13	43167712	43167883	Module_9837	TNFSF11	SOX7	SOX7_M5837_1.02	24h_sample
122	chr13	43167712	43167883	Module_9837	TNFSF11	SOX7	SOX7_4	24h_sample
123	chr13	43167712	43167883	Module_9837	TNFSF11	SOX7	SOX7_M5837_1.02	24h_sample
124	chr13	43167230	43167401	Module_9837	TNFSF11	MEIS2	MEIS2_4	24h_sample
125	chr13	43167230	43167401	Module_9837	TNFSF11	MEIS3	MEIS3_3	24h_sample
126	chr13	43167230	43167401	Module_9837	TNFSF11	PKNOX2	PKNOX2_M5721_1.02	24h_sample
127	chr13	43167230	43167401	Module_9837	TNFSF11	PAX6	PAX6_M6410_1.02	24h_sample
128	chr13	43167230	43167401	Module_9837	TNFSF11	MEIS2	MEIS2_1	24h_sample
129	chr13	43167712	43167883	Module_9837	TNFSF11	SOX7	SOX7_4	48h_sample
130	chr13	43167712	43167883	Module_9837	TNFSF11	SOX7	SOX7_M5837_1.02	48h_sample
131	chr13	43167712	43167883	Module_9837	TNFSF11	SOX7	SOX7_4	48h_sample
132	chr13	43167712	43167883	Module_9837	TNFSF11	SOX7	SOX7_M5837_1.02	48h_sample
133	chr13	43167230	43167401	Module_9837	TNFSF11	MEIS2	MEIS2_4	48h_sample
134	chr13	43167230	43167401	Module_9837	TNFSF11	MEIS3	MEIS3_3	48h_sample
135	chr13	43167230	43167401	Module_9837	TNFSF11	PKNOX2	PKNOX2_M5721_1.02	48h_sample
136	chr13	43167230	43167401	Module_9837	TNFSF11	PAX6	PAX6_M6410_1.02	48h_sample
137	chr13	43167230	43167401	Module_9837	TNFSF11	MEIS2	MEIS2_1	48h_sample
138	chr1	160983559	160983730	Module_2609	USF1	ETV5	ETV5_M5433_1.02	0h_sample
139	chr1	160983559	160983730	Module_2609	TSTD1	ETV5	ETV5_M5433_1.02	0h_sample
140	chr1	160983559	160983730	Module_2609	F11R	ETV5	ETV5_M5433_1.02	0h_sample
141	chr1	160983559	160983730	Module_2609	LOC101928372	ETV5	ETV5_M5433_1.02	0h_sample
142	chr1	160983559	160983730	Module_2609	ITLN2	ETV5	ETV5_M5433_1.02	0h_sample
143	chr1	160983559	160983730	Module_2609	USF1	FLI1	FLI1_3	0h_sample
144	chr1	160983559	160983730	Module_2609	TSTD1	FLI1	FLI1_3	0h_sample
145	chr1	160983559	160983730	Module_2609	F11R	FLI1	FLI1_3	0h_sample
146	chr1	160983559	160983730	Module_2609	LOC101928372	FLI1	FLI1_3	0h_sample
147	chr1	160983559	160983730	Module_2609	ITLN2	FLI1	FLI1_3	0h_sample
148	chr1	230736475	230736646	Module_3550	COG2	IRX2	IRX2_2	0h_sample
149	chr1	230736475	230736646	Module_3550	COG2	IRX3	IRX3_M5581_1.02	0h_sample
150	chr1	27933863	27934034	Module_868	AHDC1	SP8	SP8_1	0h_sample
151	chr1	27933863	27934034	Module_868	AHDC1	TCF4	TCF4_M4849_1.02	0h_sample
152	chr1	27933863	27934034	Module_868	AHDC1	TEAD4	TEAD4_1	0h_sample
153	chr1	244978972	244979143	Module_3717	COX20	MXI1	MXI1_M4678_1.02	0h_sample
154	chr1	244978972	244979143	Module_3717	HNRNPU	MXI1	MXI1_M4678_1.02	0h_sample
155	chr1	244978972	244979143	Module_3717	COX20	TRIM28	TRIM28_M3835_1.02	0h_sample
156	chr1	244978972	244979143	Module_3717	HNRNPU	TRIM28	TRIM28_M3835_1.02	0h_sample
157	chr1	160983559	160983730	Module_2609	USF1	BCL6	BCL6_M6136_1.02	0h_sample
158	chr1	160983559	160983730	Module_2609	TSTD1	BCL6	BCL6_M6136_1.02	0h_sample
159	chr1	160983559	160983730	Module_2609	F11R	BCL6	BCL6_M6136_1.02	0h_sample
160	chr1	160983559	160983730	Module_2609	LOC101928372	BCL6	BCL6_M6136_1.02	0h_sample
161	chr1	160983559	160983730	Module_2609	ITLN2	BCL6	BCL6_M6136_1.02	0h_sample
162	chr1	160983559	160983730	Module_2609	USF1	BCL6	BCL6_M6136_1.02	0h_sample
163	chr1	160983559	160983730	Module_2609	TSTD1	BCL6	BCL6_M6136_1.02	0h_sample
164	chr1	160983559	160983730	Module_2609	F11R	BCL6	BCL6_M6136_1.02	0h_sample
165	chr1	160983559	160983730	Module_2609	LOC101928372	BCL6	BCL6_M6136_1.02	0h_sample
166	chr1	160983559	160983730	Module_2609	ITLN2	BCL6	BCL6_M6136_1.02	0h_sample
167	chr1	160983559	160983730	Module_2609	USF1	E2F3	E2F3_M2271_1.02	0h_sample
168	chr1	160983559	160983730	Module_2609	TSTD1	E2F3	E2F3_M2271_1.02	0h_sample
169	chr1	160983559	160983730	Module_2609	F11R	E2F3	E2F3_M2271_1.02	0h_sample
170	chr1	160983559	160983730	Module_2609	LOC101928372	E2F3	E2F3_M2271_1.02	0h_sample
171	chr1	160983559	160983730	Module_2609	ITLN2	E2F3	E2F3_M2271_1.02	0h_sample
172	chr1	160983559	160983730	Module_2609	USF1	E2F3	E2F3_M2271_1.02	0h_sample
173	chr1	160983559	160983730	Module_2609	TSTD1	E2F3	E2F3_M2271_1.02	0h_sample
174	chr1	160983559	160983730	Module_2609	F11R	E2F3	E2F3_M2271_1.02	0h_sample
175	chr1	160983559	160983730	Module_2609	LOC101928372	E2F3	E2F3_M2271_1.02	0h_sample
176	chr1	160983559	160983730	Module_2609	ITLN2	E2F3	E2F3_M2271_1.02	0h_sample
177	chr1	27933863	27934034	Module_868	AHDC1	NR2F2	NR2F2_M5676_1.02	0h_sample
178	chr1	230736475	230736646	Module_3550	COG2	IRX3	IRX3_M5582_1.02	0h_sample
179	chr1	244978972	244979143	Module_3717	COX20	SOX1	SOX1_M6475_1.02	0h_sample
180	chr1	244978972	244979143	Module_3717	HNRNPU	SOX1	SOX1_M6475_1.02	0h_sample
181	chr1	160983559	160983730	Module_2609	USF1	ETV5	ETV5_M5433_1.02	3h_sample
182	chr1	160983559	160983730	Module_2609	TSTD1	ETV5	ETV5_M5433_1.02	3h_sample
183	chr1	160983559	160983730	Module_2609	F11R	ETV5	ETV5_M5433_1.02	3h_sample
184	chr1	160983559	160983730	Module_2609	LOC101928372	ETV5	ETV5_M5433_1.02	3h_sample
185	chr1	160983559	160983730	Module_2609	ITLN2	ETV5	ETV5_M5433_1.02	3h_sample
186	chr1	160983559	160983730	Module_2609	USF1	FLI1	FLI1_3	3h_sample
187	chr1	160983559	160983730	Module_2609	TSTD1	FLI1	FLI1_3	3h_sample
188	chr1	160983559	160983730	Module_2609	F11R	FLI1	FLI1_3	3h_sample
189	chr1	160983559	160983730	Module_2609	LOC101928372	FLI1	FLI1_3	3h_sample
190	chr1	160983559	160983730	Module_2609	ITLN2	FLI1	FLI1_3	3h_sample
191	chr1	226297636	226297807	Module_3439	H3F3AP4	ZIC1	ZIC1_1	3h_sample
192	chr1	226297636	226297807	Module_3439	H3F3A	ZIC1	ZIC1_1	3h_sample
193	chr1	230736475	230736646	Module_3550	COG2	IRX2	IRX2_2	3h_sample
194	chr1	230736475	230736646	Module_3550	COG2	IRX3	IRX3_M5581_1.02	3h_sample
195	chr1	244978972	244979143	Module_3717	COX20	MXI1	MXI1_M4678_1.02	3h_sample
196	chr1	244978972	244979143	Module_3717	HNRNPU	MXI1	MXI1_M4678_1.02	3h_sample
197	chr1	244978972	244979143	Module_3717	COX20	TRIM28	TRIM28_M3835_1.02	3h_sample
198	chr1	244978972	244979143	Module_3717	HNRNPU	TRIM28	TRIM28_M3835_1.02	3h_sample
199	chr1	160983559	160983730	Module_2609	USF1	BCL6	BCL6_M6136_1.02	3h_sample
200	chr1	160983559	160983730	Module_2609	TSTD1	BCL6	BCL6_M6136_1.02	3h_sample
201	chr1	160983559	160983730	Module_2609	F11R	BCL6	BCL6_M6136_1.02	3h_sample
202	chr1	160983559	160983730	Module_2609	LOC101928372	BCL6	BCL6_M6136_1.02	3h_sample
203	chr1	160983559	160983730	Module_2609	ITLN2	BCL6	BCL6_M6136_1.02	3h_sample
204	chr1	160983559	160983730	Module_2609	USF1	BCL6	BCL6_M6136_1.02	3h_sample
205	chr1	160983559	160983730	Module_2609	TSTD1	BCL6	BCL6_M6136_1.02	3h_sample
206	chr1	160983559	160983730	Module_2609	F11R	BCL6	BCL6_M6136_1.02	3h_sample
207	chr1	160983559	160983730	Module_2609	LOC101928372	BCL6	BCL6_M6136_1.02	3h_sample
208	chr1	160983559	160983730	Module_2609	ITLN2	BCL6	BCL6_M6136_1.02	3h_sample
209	chr1	160983559	160983730	Module_2609	USF1	E2F3	E2F3_M2271_1.02	3h_sample
210	chr1	160983559	160983730	Module_2609	TSTD1	E2F3	E2F3_M2271_1.02	3h_sample
211	chr1	160983559	160983730	Module_2609	F11R	E2F3	E2F3_M2271_1.02	3h_sample
212	chr1	160983559	160983730	Module_2609	LOC101928372	E2F3	E2F3_M2271_1.02	3h_sample
213	chr1	160983559	160983730	Module_2609	ITLN2	E2F3	E2F3_M2271_1.02	3h_sample
214	chr1	160983559	160983730	Module_2609	USF1	E2F3	E2F3_M2271_1.02	3h_sample
215	chr1	160983559	160983730	Module_2609	TSTD1	E2F3	E2F3_M2271_1.02	3h_sample
216	chr1	160983559	160983730	Module_2609	F11R	E2F3	E2F3_M2271_1.02	3h_sample
217	chr1	160983559	160983730	Module_2609	LOC101928372	E2F3	E2F3_M2271_1.02	3h_sample
218	chr1	160983559	160983730	Module_2609	ITLN2	E2F3	E2F3_M2271_1.02	3h_sample
219	chr1	230736475	230736646	Module_3550	COG2	IRX3	IRX3_M5582_1.02	3h_sample
220	chr1	244978972	244979143	Module_3717	COX20	SOX1	SOX1_M6475_1.02	3h_sample
221	chr1	244978972	244979143	Module_3717	HNRNPU	SOX1	SOX1_M6475_1.02	3h_sample
222	chr1	160983559	160983730	Module_2609	USF1	ETV5	ETV5_M5433_1.02	6h_sample
223	chr1	160983559	160983730	Module_2609	TSTD1	ETV5	ETV5_M5433_1.02	6h_sample
224	chr1	160983559	160983730	Module_2609	F11R	ETV5	ETV5_M5433_1.02	6h_sample
225	chr1	160983559	160983730	Module_2609	LOC101928372	ETV5	ETV5_M5433_1.02	6h_sample
226	chr1	160983559	160983730	Module_2609	ITLN2	ETV5	ETV5_M5433_1.02	6h_sample
227	chr1	160983559	160983730	Module_2609	USF1	FLI1	FLI1_3	6h_sample
228	chr1	160983559	160983730	Module_2609	TSTD1	FLI1	FLI1_3	6h_sample
229	chr1	160983559	160983730	Module_2609	F11R	FLI1	FLI1_3	6h_sample
230	chr1	160983559	160983730	Module_2609	LOC101928372	FLI1	FLI1_3	6h_sample
231	chr1	160983559	160983730	Module_2609	ITLN2	FLI1	FLI1_3	6h_sample
232	chr1	230736475	230736646	Module_3550	COG2	IRX2	IRX2_2	6h_sample
233	chr1	230736475	230736646	Module_3550	COG2	IRX3	IRX3_M5581_1.02	6h_sample
234	chr1	244978972	244979143	Module_3717	COX20	MXI1	MXI1_M4678_1.02	6h_sample
235	chr1	244978972	244979143	Module_3717	COX20	TRIM28	TRIM28_M3835_1.02	6h_sample
236	chr1	160983559	160983730	Module_2609	USF1	BCL6	BCL6_M6136_1.02	6h_sample
237	chr1	160983559	160983730	Module_2609	TSTD1	BCL6	BCL6_M6136_1.02	6h_sample
238	chr1	160983559	160983730	Module_2609	F11R	BCL6	BCL6_M6136_1.02	6h_sample
239	chr1	160983559	160983730	Module_2609	LOC101928372	BCL6	BCL6_M6136_1.02	6h_sample
240	chr1	160983559	160983730	Module_2609	ITLN2	BCL6	BCL6_M6136_1.02	6h_sample
241	chr1	160983559	160983730	Module_2609	USF1	BCL6	BCL6_M6136_1.02	6h_sample
242	chr1	160983559	160983730	Module_2609	TSTD1	BCL6	BCL6_M6136_1.02	6h_sample
243	chr1	160983559	160983730	Module_2609	F11R	BCL6	BCL6_M6136_1.02	6h_sample
244	chr1	160983559	160983730	Module_2609	LOC101928372	BCL6	BCL6_M6136_1.02	6h_sample
245	chr1	160983559	160983730	Module_2609	ITLN2	BCL6	BCL6_M6136_1.02	6h_sample
246	chr1	160983559	160983730	Module_2609	USF1	E2F3	E2F3_M2271_1.02	6h_sample
247	chr1	160983559	160983730	Module_2609	TSTD1	E2F3	E2F3_M2271_1.02	6h_sample
248	chr1	160983559	160983730	Module_2609	F11R	E2F3	E2F3_M2271_1.02	6h_sample
249	chr1	160983559	160983730	Module_2609	LOC101928372	E2F3	E2F3_M2271_1.02	6h_sample
250	chr1	160983559	160983730	Module_2609	ITLN2	E2F3	E2F3_M2271_1.02	6h_sample
251	chr1	160983559	160983730	Module_2609	USF1	E2F3	E2F3_M2271_1.02	6h_sample
252	chr1	160983559	160983730	Module_2609	TSTD1	E2F3	E2F3_M2271_1.02	6h_sample
253	chr1	160983559	160983730	Module_2609	F11R	E2F3	E2F3_M2271_1.02	6h_sample
254	chr1	160983559	160983730	Module_2609	LOC101928372	E2F3	E2F3_M2271_1.02	6h_sample
255	chr1	160983559	160983730	Module_2609	ITLN2	E2F3	E2F3_M2271_1.02	6h_sample
256	chr1	230736475	230736646	Module_3550	COG2	IRX3	IRX3_M5582_1.02	6h_sample
257	chr1	244978972	244979143	Module_3717	COX20	SOX1	SOX1_M6475_1.02	6h_sample
258	chr1	160983559	160983730	Module_2609	TSTD1	ETV5	ETV5_M5433_1.02	12h_sample
259	chr1	160983559	160983730	Module_2609	F11R	ETV5	ETV5_M5433_1.02	12h_sample
260	chr1	160983559	160983730	Module_2609	ITLN2	ETV5	ETV5_M5433_1.02	12h_sample
261	chr1	160983559	160983730	Module_2609	TSTD1	FLI1	FLI1_3	12h_sample
262	chr1	160983559	160983730	Module_2609	F11R	FLI1	FLI1_3	12h_sample
263	chr1	160983559	160983730	Module_2609	ITLN2	FLI1	FLI1_3	12h_sample
264	chr1	230736475	230736646	Module_3550	COG2	IRX2	IRX2_2	12h_sample
265	chr1	230736475	230736646	Module_3550	COG2	IRX3	IRX3_M5581_1.02	12h_sample
266	chr1	244978972	244979143	Module_3717	COX20	MXI1	MXI1_M4678_1.02	12h_sample
267	chr1	244978972	244979143	Module_3717	HNRNPU	MXI1	MXI1_M4678_1.02	12h_sample
268	chr1	244978972	244979143	Module_3717	COX20	TRIM28	TRIM28_M3835_1.02	12h_sample
269	chr1	244978972	244979143	Module_3717	HNRNPU	TRIM28	TRIM28_M3835_1.02	12h_sample
270	chr1	160983559	160983730	Module_2609	TSTD1	BCL6	BCL6_M6136_1.02	12h_sample
271	chr1	160983559	160983730	Module_2609	F11R	BCL6	BCL6_M6136_1.02	12h_sample
272	chr1	160983559	160983730	Module_2609	ITLN2	BCL6	BCL6_M6136_1.02	12h_sample
273	chr1	160983559	160983730	Module_2609	TSTD1	BCL6	BCL6_M6136_1.02	12h_sample
274	chr1	160983559	160983730	Module_2609	F11R	BCL6	BCL6_M6136_1.02	12h_sample
275	chr1	160983559	160983730	Module_2609	ITLN2	BCL6	BCL6_M6136_1.02	12h_sample
276	chr1	160983559	160983730	Module_2609	TSTD1	E2F3	E2F3_M2271_1.02	12h_sample
277	chr1	160983559	160983730	Module_2609	F11R	E2F3	E2F3_M2271_1.02	12h_sample
278	chr1	160983559	160983730	Module_2609	ITLN2	E2F3	E2F3_M2271_1.02	12h_sample
279	chr1	160983559	160983730	Module_2609	TSTD1	E2F3	E2F3_M2271_1.02	12h_sample
280	chr1	160983559	160983730	Module_2609	F11R	E2F3	E2F3_M2271_1.02	12h_sample
281	chr1	160983559	160983730	Module_2609	ITLN2	E2F3	E2F3_M2271_1.02	12h_sample
282	chr1	230736475	230736646	Module_3550	COG2	IRX3	IRX3_M5582_1.02	12h_sample
283	chr1	244978972	244979143	Module_3717	COX20	SOX1	SOX1_M6475_1.02	12h_sample
284	chr1	244978972	244979143	Module_3717	HNRNPU	SOX1	SOX1_M6475_1.02	12h_sample
285	chr1	230736475	230736646	Module_3550	COG2	IRX2	IRX2_2	24h_sample
286	chr1	230736475	230736646	Module_3550	COG2	IRX3	IRX3_M5581_1.02	24h_sample
287	chr1	27933863	27934034	Module_868	AHDC1	SP8	SP8_1	24h_sample
288	chr1	27933863	27934034	Module_868	AHDC1	TEAD4	TEAD4_1	24h_sample
289	chr1	244978972	244979143	Module_3717	COX20	MXI1	MXI1_M4678_1.02	24h_sample
290	chr1	244978972	244979143	Module_3717	COX20	TRIM28	TRIM28_M3835_1.02	24h_sample
291	chr1	230736475	230736646	Module_3550	COG2	IRX3	IRX3_M5582_1.02	24h_sample
292	chr1	244978972	244979143	Module_3717	COX20	SOX1	SOX1_M6475_1.02	24h_sample
293	chr1	27933863	27934034	Module_868	AHDC1	SCXA	SCXA_M4850_1.02	48h_sample
294	chr1	27933863	27934034	Module_868	AHDC1	SP8	SP8_1	48h_sample
295	chr1	27933863	27934034	Module_868	AHDC1	TEAD4	TEAD4_1	48h_sample
296	chr1	27933863	27934034	Module_868	AHDC1	NR2F2	NR2F2_M5676_1.02	48h_sample
297	chr1	27933863	27934034	Module_868	AHDC1	NR2F2	NR2F2_M5676_1.02	48h_sample
298	chr1	226297636	226297807	Module_3439	H3F3AP4	ZIC1	ZIC1_1	72h_sample
299	chr1	226297636	226297807	Module_3439	H3F3A	ZIC1	ZIC1_1	72h_sample
300	chr1	27933863	27934034	Module_868	AHDC1	SCXA	SCXA_M4850_1.02	72h_sample
301	chr1	27933863	27934034	Module_868	IFI6	SCXA	SCXA_M4850_1.02	72h_sample
302	chr1	27933863	27934034	Module_868	AHDC1	SP8	SP8_1	72h_sample
303	chr1	27933863	27934034	Module_868	IFI6	SP8	SP8_1	72h_sample
304	chr1	27933863	27934034	Module_868	AHDC1	TEAD4	TEAD4_1	72h_sample
305	chr1	27933863	27934034	Module_868	IFI6	TEAD4	TEAD4_1	72h_sample
306	chr1	53128634	53128805	Module_1464	ZYG11B	MXI1	MXI1_M4678_1.02	72h_sample
307	chr2	169409039	169409210	Module_21246	CERS6	GLI1	GLI1_M2545_1.02	0h_sample
308	chr2	169409039	169409210	Module_21246	CERS6	GLI1	GLI1_M3352_1.02	0h_sample
309	chr2	169409039	169409210	Module_21246	CERS6	SP8	SP8_1	0h_sample
310	chr2	189168414	189168585	Module_21471	GULP1	BX088580.2	BX088580.2_M6121_1.02	0h_sample
311	chr2	189168414	189168585	Module_21471	GULP1	GFI1B	GFI1B_M5188_1.02	0h_sample
312	chr2	189168414	189168585	Module_21471	GULP1	SOX7	SOX7_4	0h_sample
313	chr2	189168414	189168585	Module_21471	GULP1	SOX7	SOX7_M5837_1.02	0h_sample
314	chr2	189168414	189168585	Module_21471	GULP1	SOX1	SOX1_M6129_1.02	0h_sample
315	chr2	189168414	189168585	Module_21471	GULP1	SOX1	SOX1_M6134_1.02	0h_sample
316	chr2	189168414	189168585	Module_21471	GULP1	SOX1	SOX1_M6475_1.02	0h_sample
317	chr2	121467288	121467459	Module_20862	GLI2	SCXA	SCXA_M4850_1.02	3h_sample
318	chr2	121467288	121467459	Module_20862	GLI2	TCF4	TCF4_M4849_1.02	3h_sample
319	chr2	189168414	189168585	Module_21471	GULP1	BX088580.2	BX088580.2_M6121_1.02	3h_sample
320	chr2	189168414	189168585	Module_21471	GULP1	GFI1B	GFI1B_M5188_1.02	3h_sample
321	chr2	189168414	189168585	Module_21471	GULP1	SOX7	SOX7_4	3h_sample
322	chr2	189168414	189168585	Module_21471	GULP1	SOX7	SOX7_M5837_1.02	3h_sample
323	chr2	189168414	189168585	Module_21471	GULP1	SOX1	SOX1_M6129_1.02	3h_sample
324	chr2	189168414	189168585	Module_21471	GULP1	SOX1	SOX1_M6134_1.02	3h_sample
325	chr2	189168414	189168585	Module_21471	GULP1	SOX1	SOX1_M6475_1.02	3h_sample
326	chr2	121467288	121467459	Module_20862	GLI2	SCXA	SCXA_M4850_1.02	6h_sample
327	chr2	121467288	121467459	Module_20862	GLI2	TCF4	TCF4_M4849_1.02	6h_sample
328	chr2	169409039	169409210	Module_21246	CERS6	GLI1	GLI1_M2545_1.02	6h_sample
329	chr2	169409039	169409210	Module_21246	CERS6	GLI1	GLI1_M3352_1.02	6h_sample
330	chr2	169409039	169409210	Module_21246	CERS6	SP8	SP8_1	6h_sample
331	chr2	189168414	189168585	Module_21471	COL5A2	BX088580.2	BX088580.2_M6121_1.02	6h_sample
332	chr2	189168414	189168585	Module_21471	GULP1	BX088580.2	BX088580.2_M6121_1.02	6h_sample
333	chr2	189168414	189168585	Module_21471	COL5A2	GFI1B	GFI1B_M5188_1.02	6h_sample
334	chr2	189168414	189168585	Module_21471	GULP1	GFI1B	GFI1B_M5188_1.02	6h_sample
335	chr2	189168414	189168585	Module_21471	COL5A2	SOX7	SOX7_4	6h_sample
336	chr2	189168414	189168585	Module_21471	GULP1	SOX7	SOX7_4	6h_sample
337	chr2	189168414	189168585	Module_21471	COL5A2	SOX7	SOX7_M5837_1.02	6h_sample
338	chr2	189168414	189168585	Module_21471	GULP1	SOX7	SOX7_M5837_1.02	6h_sample
339	chr2	189168414	189168585	Module_21471	COL5A2	SOX1	SOX1_M6129_1.02	6h_sample
340	chr2	189168414	189168585	Module_21471	GULP1	SOX1	SOX1_M6129_1.02	6h_sample
341	chr2	189168414	189168585	Module_21471	COL5A2	SOX1	SOX1_M6134_1.02	6h_sample
342	chr2	189168414	189168585	Module_21471	GULP1	SOX1	SOX1_M6134_1.02	6h_sample
343	chr2	189168414	189168585	Module_21471	COL5A2	SOX1	SOX1_M6475_1.02	6h_sample
344	chr2	189168414	189168585	Module_21471	GULP1	SOX1	SOX1_M6475_1.02	6h_sample
345	chr2	121467288	121467459	Module_20862	GLI2	SCXA	SCXA_M4850_1.02	12h_sample
346	chr2	121467288	121467459	Module_20862	GLI2	TCF4	TCF4_M4849_1.02	12h_sample
347	chr2	169409039	169409210	Module_21246	CERS6	GLI1	GLI1_M2545_1.02	12h_sample
348	chr2	169409039	169409210	Module_21246	CERS6	GLI1	GLI1_M3352_1.02	12h_sample
349	chr2	169409039	169409210	Module_21246	CERS6	SP8	SP8_1	12h_sample
350	chr2	189168414	189168585	Module_21471	GULP1	BX088580.2	BX088580.2_M6121_1.02	12h_sample
351	chr2	189168414	189168585	Module_21471	GULP1	GFI1B	GFI1B_M5188_1.02	12h_sample
352	chr2	189168414	189168585	Module_21471	GULP1	SOX7	SOX7_4	12h_sample
353	chr2	189168414	189168585	Module_21471	GULP1	SOX7	SOX7_M5837_1.02	12h_sample
354	chr2	189168414	189168585	Module_21471	GULP1	SOX1	SOX1_M6129_1.02	12h_sample
355	chr2	189168414	189168585	Module_21471	GULP1	SOX1	SOX1_M6134_1.02	12h_sample
356	chr2	189168414	189168585	Module_21471	GULP1	SOX1	SOX1_M6475_1.02	12h_sample
357	chr2	121467288	121467459	Module_20862	GLI2	SCXA	SCXA_M4850_1.02	24h_sample
358	chr2	121467288	121467459	Module_20862	GLI2	TCF4	TCF4_M4849_1.02	24h_sample
359	chr2	189168414	189168585	Module_21471	GULP1	BX088580.2	BX088580.2_M6121_1.02	24h_sample
360	chr2	189168414	189168585	Module_21471	GULP1	GFI1B	GFI1B_M5188_1.02	24h_sample
361	chr2	189168414	189168585	Module_21471	GULP1	SOX7	SOX7_4	24h_sample
362	chr2	189168414	189168585	Module_21471	GULP1	SOX7	SOX7_M5837_1.02	24h_sample
363	chr2	189168414	189168585	Module_21471	GULP1	SOX1	SOX1_M6129_1.02	24h_sample
364	chr2	189168414	189168585	Module_21471	GULP1	SOX1	SOX1_M6134_1.02	24h_sample
365	chr2	189168414	189168585	Module_21471	GULP1	SOX1	SOX1_M6475_1.02	24h_sample
366	chr2	120995685	120995856	Module_20852	RALB	SRY	SRY_M5870_1.02	48h_sample
367	chr2	120995685	120995856	Module_20852	TMEM185B	SRY	SRY_M5870_1.02	48h_sample
368	chr2	120995685	120995856	Module_20852	RALB	STAT	STAT_disc6	48h_sample
369	chr2	120995685	120995856	Module_20852	TMEM185B	STAT	STAT_disc6	48h_sample
370	chr2	189168414	189168585	Module_21471	GULP1	BX088580.2	BX088580.2_M6121_1.02	48h_sample
371	chr2	189168414	189168585	Module_21471	GULP1	GFI1B	GFI1B_M5188_1.02	48h_sample
372	chr2	189168414	189168585	Module_21471	GULP1	SOX7	SOX7_4	48h_sample
373	chr2	189168414	189168585	Module_21471	GULP1	SOX7	SOX7_M5837_1.02	48h_sample
374	chr2	189168414	189168585	Module_21471	GULP1	SOX1	SOX1_M6129_1.02	48h_sample
375	chr2	189168414	189168585	Module_21471	GULP1	SOX1	SOX1_M6134_1.02	48h_sample
376	chr2	189168414	189168585	Module_21471	GULP1	SOX1	SOX1_M6475_1.02	48h_sample
377	chr2	120995685	120995856	Module_20852	RALB	STAT	STAT_disc6	72h_sample
378	chr2	120995685	120995856	Module_20852	TMEM185B	STAT	STAT_disc6	72h_sample
379	chr2	189168414	189168585	Module_21471	GULP1	BX088580.2	BX088580.2_M6121_1.02	72h_sample
380	chr2	189168414	189168585	Module_21471	GULP1	SOX7	SOX7_4	72h_sample
381	chr2	189168414	189168585	Module_21471	GULP1	SOX7	SOX7_M5837_1.02	72h_sample
382	chr2	189168414	189168585	Module_21471	GULP1	SOX1	SOX1_M6129_1.02	72h_sample
383	chr2	189168414	189168585	Module_21471	GULP1	SOX1	SOX1_M6134_1.02	72h_sample
384	chr2	189168414	189168585	Module_21471	GULP1	SOX1	SOX1_M6475_1.02	72h_sample
385	chr5	15554693	15554864	Module_29348	FBXL7	ATF5	ATF5_M2977_1.02	0h_sample
386	chr5	15554693	15554864	Module_29348	FBXL7	FOXP3	FOXP3_1	0h_sample
387	chr5	15554693	15554864	Module_29348	FBXL7	ATF5	ATF5_M2977_1.02	3h_sample
388	chr5	15554693	15554864	Module_29348	FBXL7	FOXP3	FOXP3_1	3h_sample
389	chr5	15554693	15554864	Module_29348	FBXL7	ATF5	ATF5_M2977_1.02	6h_sample
390	chr5	15554693	15554864	Module_29348	FBXL7	FOXP3	FOXP3_1	6h_sample
391	chr5	68218210	68218381	Module_29717	SLC30A5	TCF4	TCF4_M0219_1.02	6h_sample
392	chr5	68218210	68218381	Module_29717	SLC30A5	TEAD1	TEAD1_M4047_1.02	6h_sample
393	chr5	68218210	68218381	Module_29717	SLC30A5	FOXB1	FOXB1_1	6h_sample
394	chr5	15554693	15554864	Module_29348	FBXL7	ATF5	ATF5_M2977_1.02	24h_sample
395	chr5	15554693	15554864	Module_29348	FBXL7	FOXP3	FOXP3_1	24h_sample
396	chr5	68218210	68218381	Module_29717	SLC30A5	TEAD1	TEAD1_M4047_1.02	24h_sample
397	chr10	69621992	69622163	Module_4406	SIRT1	SP8	SP8_1	0h_sample
398	chr10	82224535	82224706	Module_4707	FAM213A	E2F3	E2F3_M2271_1.02	0h_sample
399	chr10	82224535	82224706	Module_4707	TSPAN14	E2F3	E2F3_M2271_1.02	0h_sample
400	chr10	82224535	82224706	Module_4707	DYDC2	E2F3	E2F3_M2271_1.02	0h_sample
401	chr10	82224535	82224706	Module_4707	PLAC9	E2F3	E2F3_M2271_1.02	0h_sample
402	chr10	69621992	69622163	Module_4406	SIRT1	KLF15	KLF15_M6321_1.02	0h_sample
403	chr10	69621992	69622163	Module_4406	SIRT1	KLF15	KLF15_M6321_1.02	0h_sample
404	chr10	69621992	69622163	Module_4406	SIRT1	SP8	SP8_1	3h_sample
405	chr10	69621992	69622163	Module_4406	DNAJC12	SP8	SP8_1	3h_sample
406	chr10	82224535	82224706	Module_4707	FAM213A	E2F3	E2F3_M2271_1.02	3h_sample
407	chr10	82224535	82224706	Module_4707	TSPAN14	E2F3	E2F3_M2271_1.02	3h_sample
408	chr10	69621992	69622163	Module_4406	SIRT1	KLF15	KLF15_M6321_1.02	3h_sample
409	chr10	69621992	69622163	Module_4406	DNAJC12	KLF15	KLF15_M6321_1.02	3h_sample
410	chr10	69621992	69622163	Module_4406	SIRT1	KLF15	KLF15_M6321_1.02	3h_sample
411	chr10	69621992	69622163	Module_4406	DNAJC12	KLF15	KLF15_M6321_1.02	3h_sample
412	chr10	69621992	69622163	Module_4406	SIRT1	SP8	SP8_1	6h_sample
413	chr10	69621992	69622163	Module_4406	DNAJC12	SP8	SP8_1	6h_sample
414	chr10	82224535	82224706	Module_4707	FAM213A	E2F3	E2F3_M2271_1.02	6h_sample
415	chr10	82224535	82224706	Module_4707	TSPAN14	E2F3	E2F3_M2271_1.02	6h_sample
416	chr10	69621992	69622163	Module_4406	SIRT1	KLF15	KLF15_M6321_1.02	6h_sample
417	chr10	69621992	69622163	Module_4406	DNAJC12	KLF15	KLF15_M6321_1.02	6h_sample
418	chr10	69621992	69622163	Module_4406	SIRT1	KLF15	KLF15_M6321_1.02	6h_sample
419	chr10	69621992	69622163	Module_4406	DNAJC12	KLF15	KLF15_M6321_1.02	6h_sample
420	chr10	69621992	69622163	Module_4406	SIRT1	SP8	SP8_1	12h_sample
421	chr10	69913461	69913632	Module_4413	HERC4	FOXP4	FOXP4_M3284_1.02	12h_sample
422	chr10	69913461	69913632	Module_4413	HERC4	POU3F1	POU3F1_2	12h_sample
423	chr10	82224535	82224706	Module_4707	FAM213A	E2F3	E2F3_M2271_1.02	12h_sample
424	chr10	82224535	82224706	Module_4707	TSPAN14	E2F3	E2F3_M2271_1.02	12h_sample
425	chr10	69621992	69622163	Module_4406	SIRT1	KLF15	KLF15_M6321_1.02	12h_sample
426	chr10	69621992	69622163	Module_4406	SIRT1	KLF15	KLF15_M6321_1.02	12h_sample
427	chr10	69621992	69622163	Module_4406	SIRT1	SP8	SP8_1	24h_sample
428	chr10	82224535	82224706	Module_4707	MAT1A	E2F3	E2F3_M2271_1.02	24h_sample
429	chr10	82224535	82224706	Module_4707	FAM213A	E2F3	E2F3_M2271_1.02	24h_sample
430	chr10	82224535	82224706	Module_4707	TSPAN14	E2F3	E2F3_M2271_1.02	24h_sample
431	chr10	69621992	69622163	Module_4406	SIRT1	KLF15	KLF15_M6321_1.02	24h_sample
432	chr10	69621992	69622163	Module_4406	SIRT1	KLF15	KLF15_M6321_1.02	24h_sample
433	chr10	69621992	69622163	Module_4406	SIRT1	SP8	SP8_1	48h_sample
434	chr10	82224535	82224706	Module_4707	MAT1A	E2F3	E2F3_M2271_1.02	48h_sample
435	chr10	82224535	82224706	Module_4707	FAM213A	E2F3	E2F3_M2271_1.02	48h_sample
436	chr10	82224535	82224706	Module_4707	TSPAN14	E2F3	E2F3_M2271_1.02	48h_sample
437	chr10	69621992	69622163	Module_4406	SIRT1	KLF15	KLF15_M6321_1.02	48h_sample
438	chr10	69621992	69622163	Module_4406	SIRT1	KLF15	KLF15_M6321_1.02	48h_sample
439	chr10	69621992	69622163	Module_4406	SIRT1	SP8	SP8_1	72h_sample
440	chr10	82224535	82224706	Module_4707	FAM213A	E2F3	E2F3_M2271_1.02	72h_sample
441	chr10	82224535	82224706	Module_4707	TSPAN14	E2F3	E2F3_M2271_1.02	72h_sample
442	chr10	82224535	82224706	Module_4707	DYDC2	E2F3	E2F3_M2271_1.02	72h_sample
443	chr10	69621992	69622163	Module_4406	SIRT1	KLF15	KLF15_M6321_1.02	72h_sample
444	chr10	69621992	69622163	Module_4406	SIRT1	KLF15	KLF15_M6321_1.02	72h_sample
445	chr21	32887073	32887244	Module_23538	TIAM1	BX088580.2	BX088580.2_M6121_1.02	0h_sample
446	chr21	32887073	32887244	Module_23538	LOC150051	BX088580.2	BX088580.2_M6121_1.02	0h_sample
447	chr21	32887073	32887244	Module_23538	TIAM1	BX088580.2	BX088580.2_M6121_1.02	24h_sample
448	chr21	32887073	32887244	Module_23538	LOC150051	BX088580.2	BX088580.2_M6121_1.02	24h_sample
449	chr21	32887073	32887244	Module_23538	TIAM1	GLI2	GLI2_2	24h_sample
450	chr21	32887073	32887244	Module_23538	LOC150051	GLI2	GLI2_2	24h_sample
451	chr21	32887073	32887244	Module_23538	TIAM1	BX088580.2	BX088580.2_M6121_1.02	48h_sample
452	chr21	32887073	32887244	Module_23538	LOC150051	BX088580.2	BX088580.2_M6121_1.02	48h_sample
453	chr21	32887073	32887244	Module_23538	TIAM1	BX088580.2	BX088580.2_M6121_1.02	72h_sample
454	chr21	32887073	32887244	Module_23538	LOC150051	BX088580.2	BX088580.2_M6121_1.02	72h_sample
455	chr22	17714994	17715165	Module_23957	TPTEP1	SP8	SP8_1	0h_sample
456	chr22	17714994	17715165	Module_23957	CECR6	SP8	SP8_1	0h_sample
457	chr22	17714994	17715165	Module_23957	CECR2	SP8	SP8_1	0h_sample
458	chr22	39610562	39610733	Module_24642	PDGFB	FOSL1	FOSL1_M2279_1.02	3h_sample
459	chr22	39610562	39610733	Module_24642	PDGFB	JUN	JUN_M4531_1.02	3h_sample
460	chr22	17714994	17715165	Module_23957	TPTEP1	SP8	SP8_1	6h_sample
461	chr22	17714994	17715165	Module_23957	CECR2	SP8	SP8_1	6h_sample
462	chr22	39610562	39610733	Module_24642	PDGFB	FOSL1	FOSL1_M2279_1.02	6h_sample
463	chr22	39610562	39610733	Module_24642	PDGFB	FOSL1	FOSL1_M2279_1.02	12h_sample
464	chr22	39610562	39610733	Module_24642	PDGFB	JUN	JUN_M4531_1.02	12h_sample
465	chr3	183152898	183153069	Module_27110	LINC00888	BX088580.2	BX088580.2_M6121_1.02	0h_sample
466	chr3	183152898	183153069	Module_27110	MCF2L2	BX088580.2	BX088580.2_M6121_1.02	0h_sample
467	chr3	183152898	183153069	Module_27110	LINC00888	PITX1	PITX1_3	0h_sample
468	chr3	183152898	183153069	Module_27110	MCF2L2	PITX1	PITX1_3	0h_sample
469	chr3	183152898	183153069	Module_27110	LINC00888	SRY	SRY_6	0h_sample
470	chr3	183152898	183153069	Module_27110	MCF2L2	SRY	SRY_6	0h_sample
471	chr3	183152898	183153069	Module_27110	LINC00888	SRY	SRY_M5870_1.02	0h_sample
472	chr3	183152898	183153069	Module_27110	MCF2L2	SRY	SRY_M5870_1.02	0h_sample
473	chr3	183152898	183153069	Module_27110	LINC00888	SOX1	SOX1_M3910_1.02	0h_sample
474	chr3	183152898	183153069	Module_27110	MCF2L2	SOX1	SOX1_M3910_1.02	0h_sample
475	chr3	183152898	183153069	Module_27110	LINC00888	SOX1	SOX1_M6129_1.02	0h_sample
476	chr3	183152898	183153069	Module_27110	MCF2L2	SOX1	SOX1_M6129_1.02	0h_sample
477	chr3	183152898	183153069	Module_27110	LINC00888	SOX1	SOX1_M6134_1.02	0h_sample
478	chr3	183152898	183153069	Module_27110	MCF2L2	SOX1	SOX1_M6134_1.02	0h_sample
479	chr3	183152898	183153069	Module_27110	LINC00888	SOX1	SOX1_M6475_1.02	0h_sample
480	chr3	183152898	183153069	Module_27110	MCF2L2	SOX1	SOX1_M6475_1.02	0h_sample
481	chr3	183152898	183153069	Module_27110	LINC00888	BX088580.2	BX088580.2_M6121_1.02	6h_sample
482	chr3	183152898	183153069	Module_27110	MCF2L2	BX088580.2	BX088580.2_M6121_1.02	6h_sample
483	chr3	183152898	183153069	Module_27110	LINC00888	SRY	SRY_6	6h_sample
484	chr3	183152898	183153069	Module_27110	MCF2L2	SRY	SRY_6	6h_sample
485	chr3	183152898	183153069	Module_27110	LINC00888	SRY	SRY_M5870_1.02	6h_sample
486	chr3	183152898	183153069	Module_27110	MCF2L2	SRY	SRY_M5870_1.02	6h_sample
487	chr3	183152898	183153069	Module_27110	LINC00888	TP73	TP73_M6117_1.02	6h_sample
488	chr3	183152898	183153069	Module_27110	MCF2L2	TP73	TP73_M6117_1.02	6h_sample
489	chr3	183152898	183153069	Module_27110	LINC00888	SOX1	SOX1_M3910_1.02	6h_sample
490	chr3	183152898	183153069	Module_27110	MCF2L2	SOX1	SOX1_M3910_1.02	6h_sample
491	chr3	183152898	183153069	Module_27110	LINC00888	SOX1	SOX1_M6129_1.02	6h_sample
492	chr3	183152898	183153069	Module_27110	MCF2L2	SOX1	SOX1_M6129_1.02	6h_sample
493	chr3	183152898	183153069	Module_27110	LINC00888	SOX1	SOX1_M6134_1.02	6h_sample
494	chr3	183152898	183153069	Module_27110	MCF2L2	SOX1	SOX1_M6134_1.02	6h_sample
495	chr3	183152898	183153069	Module_27110	LINC00888	SOX1	SOX1_M6475_1.02	6h_sample
496	chr3	183152898	183153069	Module_27110	MCF2L2	SOX1	SOX1_M6475_1.02	6h_sample
497	chr3	183152898	183153069	Module_27110	LINC00888	BX088580.2	BX088580.2_M6121_1.02	12h_sample
498	chr3	183152898	183153069	Module_27110	LINC00888	SRY	SRY_6	12h_sample
499	chr3	183152898	183153069	Module_27110	LINC00888	SRY	SRY_M5870_1.02	12h_sample
500	chr3	183152898	183153069	Module_27110	LINC00888	TP73	TP73_M6117_1.02	12h_sample
501	chr3	183152898	183153069	Module_27110	LINC00888	SOX1	SOX1_M3910_1.02	12h_sample
502	chr3	183152898	183153069	Module_27110	LINC00888	SOX1	SOX1_M6129_1.02	12h_sample
503	chr3	183152898	183153069	Module_27110	LINC00888	SOX1	SOX1_M6134_1.02	12h_sample
504	chr3	183152898	183153069	Module_27110	LINC00888	SOX1	SOX1_M6475_1.02	12h_sample
505	chr3	183152898	183153069	Module_27110	LINC00888	BX088580.2	BX088580.2_M6121_1.02	24h_sample
506	chr3	183152898	183153069	Module_27110	MCF2L2	BX088580.2	BX088580.2_M6121_1.02	24h_sample
507	chr3	183152898	183153069	Module_27110	LINC00888	SRY	SRY_6	24h_sample
508	chr3	183152898	183153069	Module_27110	MCF2L2	SRY	SRY_6	24h_sample
509	chr3	183152898	183153069	Module_27110	LINC00888	SRY	SRY_M5870_1.02	24h_sample
510	chr3	183152898	183153069	Module_27110	MCF2L2	SRY	SRY_M5870_1.02	24h_sample
511	chr3	183152898	183153069	Module_27110	LINC00888	TP73	TP73_M6117_1.02	24h_sample
512	chr3	183152898	183153069	Module_27110	MCF2L2	TP73	TP73_M6117_1.02	24h_sample
513	chr3	183152898	183153069	Module_27110	LINC00888	SOX1	SOX1_M3910_1.02	24h_sample
514	chr3	183152898	183153069	Module_27110	MCF2L2	SOX1	SOX1_M3910_1.02	24h_sample
515	chr3	183152898	183153069	Module_27110	LINC00888	SOX1	SOX1_M6129_1.02	24h_sample
516	chr3	183152898	183153069	Module_27110	MCF2L2	SOX1	SOX1_M6129_1.02	24h_sample
517	chr3	183152898	183153069	Module_27110	LINC00888	SOX1	SOX1_M6134_1.02	24h_sample
518	chr3	183152898	183153069	Module_27110	MCF2L2	SOX1	SOX1_M6134_1.02	24h_sample
519	chr3	183152898	183153069	Module_27110	LINC00888	SOX1	SOX1_M6475_1.02	24h_sample
520	chr3	183152898	183153069	Module_27110	MCF2L2	SOX1	SOX1_M6475_1.02	24h_sample
521	chr3	183152898	183153069	Module_27110	LINC00888	BX088580.2	BX088580.2_M6121_1.02	48h_sample
522	chr3	183152898	183153069	Module_27110	MCF2L2	BX088580.2	BX088580.2_M6121_1.02	48h_sample
523	chr3	183152898	183153069	Module_27110	LINC00888	SRY	SRY_6	48h_sample
524	chr3	183152898	183153069	Module_27110	MCF2L2	SRY	SRY_6	48h_sample
525	chr3	183152898	183153069	Module_27110	LINC00888	SRY	SRY_M5870_1.02	48h_sample
526	chr3	183152898	183153069	Module_27110	MCF2L2	SRY	SRY_M5870_1.02	48h_sample
527	chr3	183152898	183153069	Module_27110	LINC00888	TP73	TP73_M6117_1.02	48h_sample
528	chr3	183152898	183153069	Module_27110	MCF2L2	TP73	TP73_M6117_1.02	48h_sample
529	chr3	183152898	183153069	Module_27110	LINC00888	SOX1	SOX1_M3910_1.02	48h_sample
530	chr3	183152898	183153069	Module_27110	MCF2L2	SOX1	SOX1_M3910_1.02	48h_sample
531	chr3	183152898	183153069	Module_27110	LINC00888	SOX1	SOX1_M6129_1.02	48h_sample
532	chr3	183152898	183153069	Module_27110	MCF2L2	SOX1	SOX1_M6129_1.02	48h_sample
533	chr3	183152898	183153069	Module_27110	LINC00888	SOX1	SOX1_M6134_1.02	48h_sample
534	chr3	183152898	183153069	Module_27110	MCF2L2	SOX1	SOX1_M6134_1.02	48h_sample
535	chr3	183152898	183153069	Module_27110	LINC00888	SOX1	SOX1_M6475_1.02	48h_sample
536	chr3	183152898	183153069	Module_27110	MCF2L2	SOX1	SOX1_M6475_1.02	48h_sample
537	chr3	183152898	183153069	Module_27110	LINC00888	BX088580.2	BX088580.2_M6121_1.02	72h_sample
538	chr3	183152898	183153069	Module_27110	MCF2L2	BX088580.2	BX088580.2_M6121_1.02	72h_sample
539	chr3	183152898	183153069	Module_27110	LINC00888	SRY	SRY_6	72h_sample
540	chr3	183152898	183153069	Module_27110	MCF2L2	SRY	SRY_6	72h_sample
541	chr3	183152898	183153069	Module_27110	LINC00888	SRY	SRY_M5870_1.02	72h_sample
542	chr3	183152898	183153069	Module_27110	MCF2L2	SRY	SRY_M5870_1.02	72h_sample
543	chr3	183152898	183153069	Module_27110	LINC00888	TP73	TP73_M6117_1.02	72h_sample
544	chr3	183152898	183153069	Module_27110	MCF2L2	TP73	TP73_M6117_1.02	72h_sample
545	chr3	183152898	183153069	Module_27110	LINC00888	SOX1	SOX1_M3910_1.02	72h_sample
546	chr3	183152898	183153069	Module_27110	MCF2L2	SOX1	SOX1_M3910_1.02	72h_sample
547	chr3	183152898	183153069	Module_27110	LINC00888	SOX1	SOX1_M6129_1.02	72h_sample
548	chr3	183152898	183153069	Module_27110	MCF2L2	SOX1	SOX1_M6129_1.02	72h_sample
549	chr3	183152898	183153069	Module_27110	LINC00888	SOX1	SOX1_M6134_1.02	72h_sample
550	chr3	183152898	183153069	Module_27110	MCF2L2	SOX1	SOX1_M6134_1.02	72h_sample
551	chr3	183152898	183153069	Module_27110	LINC00888	SOX1	SOX1_M6475_1.02	72h_sample
552	chr3	183152898	183153069	Module_27110	MCF2L2	SOX1	SOX1_M6475_1.02	72h_sample
553	chr4	56147528	56147699	Module_28090	SRD5A3	RELA	RELA_M4497_1.02	0h_sample
554	chr4	56147528	56147699	Module_28090	SRD5A3	RELB	RELB_M6448_1.02	0h_sample
555	chr4	154711421	154711592	Module_28833	RNF175	BHLHE40	BHLHE40_disc2	0h_sample
556	chr4	154711421	154711592	Module_28833	SFRP2	BHLHE40	BHLHE40_disc2	0h_sample
557	chr4	154711421	154711592	Module_28833	RNF175	NKX2-2	NKX2-2_2	0h_sample
558	chr4	154711421	154711592	Module_28833	SFRP2	NKX2-2	NKX2-2_2	0h_sample
559	chr4	154711421	154711592	Module_28833	RNF175	NKX3-1	NKX3-1_6	0h_sample
560	chr4	154711421	154711592	Module_28833	SFRP2	NKX3-1	NKX3-1_6	0h_sample
561	chr4	56147528	56147699	Module_28090	SRD5A3	SOX1	SOX1_M6129_1.02	0h_sample
562	chr4	56147528	56147699	Module_28090	SRD5A3	SOX1	SOX1_M6475_1.02	0h_sample
563	chr4	56147528	56147699	Module_28090	SRD5A3	RELA	RELA_M4497_1.02	3h_sample
564	chr4	56147528	56147699	Module_28090	SRD5A3	RELB	RELB_M6448_1.02	3h_sample
565	chr4	79473652	79473823	Module_28253	ANXA3	HSF1	HSF1_M3443_1.02	3h_sample
566	chr4	79473652	79473823	Module_28253	ANXA3	SRF	SRF_known7	3h_sample
567	chr4	152405951	152406122	Module_28773	FAM160A1	BX088580.2	BX088580.2_M6121_1.02	3h_sample
568	chr4	152405951	152406122	Module_28773	SH3D19	BX088580.2	BX088580.2_M6121_1.02	3h_sample
569	chr4	152405951	152406122	Module_28773	FAM160A1	ZIC2	ZIC2_1	3h_sample
570	chr4	152405951	152406122	Module_28773	SH3D19	ZIC2	ZIC2_1	3h_sample
571	chr4	154711421	154711592	Module_28833	RNF175	BHLHE40	BHLHE40_disc2	3h_sample
572	chr4	154711421	154711592	Module_28833	SFRP2	BHLHE40	BHLHE40_disc2	3h_sample
573	chr4	154711421	154711592	Module_28833	RNF175	NKX2-2	NKX2-2_2	3h_sample
574	chr4	154711421	154711592	Module_28833	SFRP2	NKX2-2	NKX2-2_2	3h_sample
575	chr4	154711421	154711592	Module_28833	RNF175	NKX3-1	NKX3-1_6	3h_sample
576	chr4	154711421	154711592	Module_28833	SFRP2	NKX3-1	NKX3-1_6	3h_sample
577	chr4	154711421	154711592	Module_28833	RNF175	NKX3-2	NKX3-2_3	3h_sample
578	chr4	154711421	154711592	Module_28833	SFRP2	NKX3-2	NKX3-2_3	3h_sample
579	chr4	79473652	79473823	Module_28253	ANXA3	SRF	SRF_known1	3h_sample
580	chr4	152405951	152406122	Module_28773	FAM160A1	TEAD1	TEAD1_M4047_1.02	3h_sample
581	chr4	152405951	152406122	Module_28773	SH3D19	TEAD1	TEAD1_M4047_1.02	3h_sample
582	chr4	152405951	152406122	Module_28773	FAM160A1	TEAD1	TEAD1_M4047_1.02	3h_sample
583	chr4	152405951	152406122	Module_28773	SH3D19	TEAD1	TEAD1_M4047_1.02	3h_sample
584	chr4	56147528	56147699	Module_28090	SRD5A3	SOX1	SOX1_M6129_1.02	3h_sample
585	chr4	56147528	56147699	Module_28090	SRD5A3	SOX1	SOX1_M6475_1.02	3h_sample
586	chr4	152405951	152406122	Module_28773	FAM160A1	SOX1	SOX1_M6134_1.02	3h_sample
587	chr4	152405951	152406122	Module_28773	SH3D19	SOX1	SOX1_M6134_1.02	3h_sample
588	chr4	152405951	152406122	Module_28773	FAM160A1	SOX1	SOX1_M6134_1.02	3h_sample
589	chr4	152405951	152406122	Module_28773	SH3D19	SOX1	SOX1_M6134_1.02	3h_sample
590	chr4	152405951	152406122	Module_28773	FAM160A1	ZIC2	ZIC2_1	3h_sample
591	chr4	152405951	152406122	Module_28773	SH3D19	ZIC2	ZIC2_1	3h_sample
592	chr4	56147528	56147699	Module_28090	SRD5A3	RELA	RELA_M4497_1.02	6h_sample
593	chr4	56147528	56147699	Module_28090	SRD5A3	RELB	RELB_M6448_1.02	6h_sample
594	chr4	79473652	79473823	Module_28253	ANXA3	HSF1	HSF1_M3443_1.02	6h_sample
595	chr4	79473652	79473823	Module_28253	ANXA3	HSF	HSF_known3	6h_sample
596	chr4	79473652	79473823	Module_28253	ANXA3	SRF	SRF_known7	6h_sample
597	chr4	152405951	152406122	Module_28773	FAM160A1	BX088580.2	BX088580.2_M6121_1.02	6h_sample
598	chr4	152405951	152406122	Module_28773	SH3D19	BX088580.2	BX088580.2_M6121_1.02	6h_sample
599	chr4	154711421	154711592	Module_28833	RNF175	BHLHE40	BHLHE40_disc2	6h_sample
600	chr4	154711421	154711592	Module_28833	SFRP2	BHLHE40	BHLHE40_disc2	6h_sample
601	chr4	154711421	154711592	Module_28833	RNF175	NKX2-2	NKX2-2_2	6h_sample
602	chr4	154711421	154711592	Module_28833	SFRP2	NKX2-2	NKX2-2_2	6h_sample
603	chr4	154711421	154711592	Module_28833	RNF175	NKX3-1	NKX3-1_6	6h_sample
604	chr4	154711421	154711592	Module_28833	SFRP2	NKX3-1	NKX3-1_6	6h_sample
605	chr4	79473652	79473823	Module_28253	ANXA3	SRF	SRF_known1	6h_sample
606	chr4	152405951	152406122	Module_28773	FAM160A1	TEAD1	TEAD1_M4047_1.02	6h_sample
607	chr4	152405951	152406122	Module_28773	SH3D19	TEAD1	TEAD1_M4047_1.02	6h_sample
608	chr4	152405951	152406122	Module_28773	FAM160A1	TEAD1	TEAD1_M4047_1.02	6h_sample
609	chr4	152405951	152406122	Module_28773	SH3D19	TEAD1	TEAD1_M4047_1.02	6h_sample
610	chr4	56147528	56147699	Module_28090	SRD5A3	SOX1	SOX1_M6129_1.02	6h_sample
611	chr4	56147528	56147699	Module_28090	SRD5A3	SOX1	SOX1_M6475_1.02	6h_sample
612	chr4	152405951	152406122	Module_28773	FAM160A1	SOX1	SOX1_M6134_1.02	6h_sample
613	chr4	152405951	152406122	Module_28773	SH3D19	SOX1	SOX1_M6134_1.02	6h_sample
614	chr4	152405951	152406122	Module_28773	FAM160A1	SOX1	SOX1_M6134_1.02	6h_sample
615	chr4	152405951	152406122	Module_28773	SH3D19	SOX1	SOX1_M6134_1.02	6h_sample
616	chr4	152405951	152406122	Module_28773	FAM160A1	ZIC2	ZIC2_1	6h_sample
617	chr4	152405951	152406122	Module_28773	SH3D19	ZIC2	ZIC2_1	6h_sample
618	chr4	56147528	56147699	Module_28090	SRD5A3	RELA	RELA_M4497_1.02	12h_sample
619	chr4	56147528	56147699	Module_28090	SRD5A3	RELB	RELB_M6448_1.02	12h_sample
620	chr4	79473652	79473823	Module_28253	ANXA3	HSF1	HSF1_M3443_1.02	12h_sample
621	chr4	79473652	79473823	Module_28253	ANXA3	HSF	HSF_known3	12h_sample
622	chr4	79473652	79473823	Module_28253	ANXA3	SRF	SRF_known7	12h_sample
623	chr4	152405951	152406122	Module_28773	FAM160A1	BX088580.2	BX088580.2_M6121_1.02	12h_sample
624	chr4	154711421	154711592	Module_28833	RNF175	BHLHE40	BHLHE40_disc2	12h_sample
625	chr4	154711421	154711592	Module_28833	SFRP2	BHLHE40	BHLHE40_disc2	12h_sample
626	chr4	154711421	154711592	Module_28833	RNF175	NKX2-2	NKX2-2_2	12h_sample
627	chr4	154711421	154711592	Module_28833	SFRP2	NKX2-2	NKX2-2_2	12h_sample
628	chr4	154711421	154711592	Module_28833	RNF175	NKX3-1	NKX3-1_6	12h_sample
629	chr4	154711421	154711592	Module_28833	SFRP2	NKX3-1	NKX3-1_6	12h_sample
630	chr4	79473652	79473823	Module_28253	ANXA3	SRF	SRF_known1	12h_sample
631	chr4	152405951	152406122	Module_28773	FAM160A1	TEAD1	TEAD1_M4047_1.02	12h_sample
632	chr4	152405951	152406122	Module_28773	FAM160A1	TEAD1	TEAD1_M4047_1.02	12h_sample
633	chr4	56147528	56147699	Module_28090	SRD5A3	SOX1	SOX1_M6129_1.02	12h_sample
634	chr4	56147528	56147699	Module_28090	SRD5A3	SOX1	SOX1_M6475_1.02	12h_sample
635	chr4	152405951	152406122	Module_28773	FAM160A1	SOX1	SOX1_M6134_1.02	12h_sample
636	chr4	152405951	152406122	Module_28773	FAM160A1	SOX1	SOX1_M6134_1.02	12h_sample
637	chr4	152405951	152406122	Module_28773	FAM160A1	ZIC2	ZIC2_1	12h_sample
638	chr4	56147528	56147699	Module_28090	SRD5A3	RELA	RELA_M4497_1.02	24h_sample
639	chr4	56147528	56147699	Module_28090	SRD5A3	RELB	RELB_M6448_1.02	24h_sample
640	chr4	154711421	154711592	Module_28833	RNF175	BHLHE40	BHLHE40_disc2	24h_sample
641	chr4	154711421	154711592	Module_28833	SFRP2	BHLHE40	BHLHE40_disc2	24h_sample
642	chr4	154711421	154711592	Module_28833	RNF175	NKX2-2	NKX2-2_2	24h_sample
643	chr4	154711421	154711592	Module_28833	SFRP2	NKX2-2	NKX2-2_2	24h_sample
644	chr4	154711421	154711592	Module_28833	RNF175	NKX3-1	NKX3-1_6	24h_sample
645	chr4	154711421	154711592	Module_28833	SFRP2	NKX3-1	NKX3-1_6	24h_sample
646	chr4	56147528	56147699	Module_28090	SRD5A3	SOX1	SOX1_M6129_1.02	24h_sample
647	chr4	56147528	56147699	Module_28090	SRD5A3	SOX1	SOX1_M6475_1.02	24h_sample
648	chr4	154711421	154711592	Module_28833	RNF175	BHLHE40	BHLHE40_disc2	48h_sample
649	chr4	154711421	154711592	Module_28833	SFRP2	BHLHE40	BHLHE40_disc2	48h_sample
650	chr4	154711421	154711592	Module_28833	RNF175	NKX2-2	NKX2-2_2	48h_sample
651	chr4	154711421	154711592	Module_28833	SFRP2	NKX2-2	NKX2-2_2	48h_sample
652	chr4	154711421	154711592	Module_28833	RNF175	NKX3-1	NKX3-1_6	48h_sample
653	chr4	154711421	154711592	Module_28833	SFRP2	NKX3-1	NKX3-1_6	48h_sample
654	chr4	154711421	154711592	Module_28833	RNF175	NKX3-2	NKX3-2_3	48h_sample
655	chr4	154711421	154711592	Module_28833	SFRP2	NKX3-2	NKX3-2_3	48h_sample
656	chr4	154711421	154711592	Module_28833	RNF175	BHLHE40	BHLHE40_disc2	72h_sample
657	chr4	154711421	154711592	Module_28833	SFRP2	BHLHE40	BHLHE40_disc2	72h_sample
658	chr4	154711421	154711592	Module_28833	RNF175	NKX2-2	NKX2-2_2	72h_sample
659	chr4	154711421	154711592	Module_28833	SFRP2	NKX2-2	NKX2-2_2	72h_sample
660	chr4	154711421	154711592	Module_28833	RNF175	NKX3-1	NKX3-1_6	72h_sample
661	chr4	154711421	154711592	Module_28833	SFRP2	NKX3-1	NKX3-1_6	72h_sample
662	chr4	154711421	154711592	Module_28833	RNF175	NKX3-2	NKX3-2_3	72h_sample
663	chr4	154711421	154711592	Module_28833	SFRP2	NKX3-2	NKX3-2_3	72h_sample
664	chr6	37533464	37533635	Module_31852	CMTR1	TCF4	TCF4_M4849_1.02	24h_sample
665	chr6	37533464	37533635	Module_31852	CCDC167	TCF4	TCF4_M4849_1.02	24h_sample
666	chr6	37533464	37533635	Module_31852	CMTR1	TCF4	TCF4_M4849_1.02	48h_sample
667	chr6	37533464	37533635	Module_31852	CCDC167	TCF4	TCF4_M4849_1.02	48h_sample
668	chr6	37533464	37533635	Module_31852	CMTR1	TCF4	TCF4_M4849_1.02	72h_sample
669	chr6	37533464	37533635	Module_31852	CCDC167	TCF4	TCF4_M4849_1.02	72h_sample
670	chr7	2861044	2861215	Module_33451	GNA12	GFI1B	GFI1B_M5188_1.02	0h_sample
671	chr7	99437335	99437506	Module_34589	TRIM4	TCF4	TCF4_M0219_1.02	6h_sample
672	chr7	2861044	2861215	Module_33451	GNA12	DMRTA2	DMRTA2_M0629_1.02	48h_sample
673	chr7	2861044	2861215	Module_33451	GNA12	RELA	RELA_M4497_1.02	48h_sample
674	chr7	2861044	2861215	Module_33451	GNA12	RELA	RELA_M4497_1.02	72h_sample
675	chr11	130016427	130016598	Module_7514	ST14	MEIS2	MEIS2_4	0h_sample
676	chr11	130016427	130016598	Module_7514	ST14	MEIS3	MEIS3_3	0h_sample
677	chr11	67203945	67204116	Module_6634	RPS6KB2	SRF	SRF_known1	0h_sample
678	chr11	67203945	67204116	Module_6634	CORO1B	SRF	SRF_known1	0h_sample
679	chr11	67203945	67204116	Module_6634	RPS6KB2	SRF	SRF_known7	0h_sample
680	chr11	67203945	67204116	Module_6634	CORO1B	SRF	SRF_known7	0h_sample
681	chr11	130016427	130016598	Module_7514	ST14	SOX1	SOX1_M6134_1.02	0h_sample
682	chr11	130016427	130016598	Module_7514	ST14	MEIS2	MEIS2_4	0h_sample
683	chr11	130016427	130016598	Module_7514	ST14	SOX1	SOX1_M6134_1.02	0h_sample
684	chr11	130016427	130016598	Module_7514	APLP2	MEIS2	MEIS2_4	3h_sample
685	chr11	130016427	130016598	Module_7514	ST14	MEIS2	MEIS2_4	3h_sample
686	chr11	130016427	130016598	Module_7514	APLP2	MEIS3	MEIS3_3	3h_sample
687	chr11	130016427	130016598	Module_7514	ST14	MEIS3	MEIS3_3	3h_sample
688	chr11	19838755	19838926	Module_5910	NAV2	BX088580.2	BX088580.2_M6121_1.02	3h_sample
689	chr11	19838755	19838926	Module_5910	NAV2	FOXJ3	FOXJ3_8	3h_sample
690	chr11	67203945	67204116	Module_6634	RPS6KB2	SRF	SRF_known1	3h_sample
691	chr11	67203945	67204116	Module_6634	CORO1B	SRF	SRF_known1	3h_sample
692	chr11	67203945	67204116	Module_6634	PTPRCAP	SRF	SRF_known1	3h_sample
693	chr11	67203945	67204116	Module_6634	PPP1CA	SRF	SRF_known1	3h_sample
694	chr11	67203945	67204116	Module_6634	TMEM134	SRF	SRF_known1	3h_sample
695	chr11	67203945	67204116	Module_6634	RPS6KB2	SRF	SRF_known7	3h_sample
696	chr11	67203945	67204116	Module_6634	CORO1B	SRF	SRF_known7	3h_sample
697	chr11	67203945	67204116	Module_6634	PTPRCAP	SRF	SRF_known7	3h_sample
698	chr11	67203945	67204116	Module_6634	PPP1CA	SRF	SRF_known7	3h_sample
699	chr11	67203945	67204116	Module_6634	TMEM134	SRF	SRF_known7	3h_sample
700	chr11	19838755	19838926	Module_5910	NAV2	FOXP4	FOXP4_M3284_1.02	3h_sample
701	chr11	130016427	130016598	Module_7514	APLP2	SOX1	SOX1_M6134_1.02	3h_sample
702	chr11	130016427	130016598	Module_7514	ST14	SOX1	SOX1_M6134_1.02	3h_sample
703	chr11	130016427	130016598	Module_7514	APLP2	MEIS2	MEIS2_4	3h_sample
704	chr11	130016427	130016598	Module_7514	ST14	MEIS2	MEIS2_4	3h_sample
705	chr11	130016427	130016598	Module_7514	APLP2	MEIS2	MEIS2_4	6h_sample
706	chr11	130016427	130016598	Module_7514	ST14	MEIS2	MEIS2_4	6h_sample
707	chr11	130016427	130016598	Module_7514	APLP2	MEIS3	MEIS3_3	6h_sample
708	chr11	130016427	130016598	Module_7514	ST14	MEIS3	MEIS3_3	6h_sample
709	chr11	67203945	67204116	Module_6634	RPS6KB2	SRF	SRF_known1	6h_sample
710	chr11	67203945	67204116	Module_6634	CORO1B	SRF	SRF_known1	6h_sample
711	chr11	67203945	67204116	Module_6634	PTPRCAP	SRF	SRF_known1	6h_sample
712	chr11	67203945	67204116	Module_6634	RPS6KB2	SRF	SRF_known7	6h_sample
713	chr11	67203945	67204116	Module_6634	CORO1B	SRF	SRF_known7	6h_sample
714	chr11	67203945	67204116	Module_6634	PTPRCAP	SRF	SRF_known7	6h_sample
715	chr11	130016427	130016598	Module_7514	APLP2	SOX1	SOX1_M6134_1.02	6h_sample
716	chr11	130016427	130016598	Module_7514	ST14	SOX1	SOX1_M6134_1.02	6h_sample
717	chr11	130016427	130016598	Module_7514	APLP2	MEIS2	MEIS2_4	6h_sample
718	chr11	130016427	130016598	Module_7514	ST14	MEIS2	MEIS2_4	6h_sample
719	chr11	130016427	130016598	Module_7514	APLP2	SOX1	SOX1_M6134_1.02	6h_sample
720	chr11	130016427	130016598	Module_7514	ST14	SOX1	SOX1_M6134_1.02	6h_sample
721	chr11	130016427	130016598	Module_7514	APLP2	MEIS2	MEIS2_4	12h_sample
722	chr11	130016427	130016598	Module_7514	ST14	MEIS2	MEIS2_4	12h_sample
723	chr11	130016427	130016598	Module_7514	APLP2	MEIS3	MEIS3_3	12h_sample
724	chr11	130016427	130016598	Module_7514	ST14	MEIS3	MEIS3_3	12h_sample
725	chr11	67203945	67204116	Module_6634	RPS6KB2	SRF	SRF_known1	12h_sample
726	chr11	67203945	67204116	Module_6634	CORO1B	SRF	SRF_known1	12h_sample
727	chr11	67203945	67204116	Module_6634	RPS6KB2	SRF	SRF_known7	12h_sample
728	chr11	67203945	67204116	Module_6634	CORO1B	SRF	SRF_known7	12h_sample
729	chr11	130016427	130016598	Module_7514	APLP2	SOX1	SOX1_M6134_1.02	12h_sample
730	chr11	130016427	130016598	Module_7514	ST14	SOX1	SOX1_M6134_1.02	12h_sample
731	chr11	130016427	130016598	Module_7514	APLP2	MEIS2	MEIS2_4	12h_sample
732	chr11	130016427	130016598	Module_7514	ST14	MEIS2	MEIS2_4	12h_sample
733	chr11	130016427	130016598	Module_7514	APLP2	SOX1	SOX1_M6134_1.02	12h_sample
734	chr11	130016427	130016598	Module_7514	ST14	SOX1	SOX1_M6134_1.02	12h_sample
735	chr11	130016427	130016598	Module_7514	APLP2	MEIS2	MEIS2_4	24h_sample
736	chr11	130016427	130016598	Module_7514	ST14	MEIS2	MEIS2_4	24h_sample
737	chr11	130016427	130016598	Module_7514	APLP2	MEIS3	MEIS3_3	24h_sample
738	chr11	130016427	130016598	Module_7514	ST14	MEIS3	MEIS3_3	24h_sample
739	chr11	130016427	130016598	Module_7514	APLP2	SOX1	SOX1_M6134_1.02	24h_sample
740	chr11	130016427	130016598	Module_7514	ST14	SOX1	SOX1_M6134_1.02	24h_sample
741	chr11	130016427	130016598	Module_7514	APLP2	MEIS2	MEIS2_4	24h_sample
742	chr11	130016427	130016598	Module_7514	ST14	MEIS2	MEIS2_4	24h_sample
743	chr11	130016427	130016598	Module_7514	APLP2	SOX1	SOX1_M6134_1.02	24h_sample
744	chr11	130016427	130016598	Module_7514	ST14	SOX1	SOX1_M6134_1.02	24h_sample
745	chr11	130016427	130016598	Module_7514	ST14	MEIS2	MEIS2_4	48h_sample
746	chr11	130016427	130016598	Module_7514	ST14	MEIS3	MEIS3_3	48h_sample
747	chr11	67203945	67204116	Module_6634	RPS6KB2	SRF	SRF_known1	48h_sample
748	chr11	67203945	67204116	Module_6634	CORO1B	SRF	SRF_known1	48h_sample
749	chr11	67203945	67204116	Module_6634	PTPRCAP	SRF	SRF_known1	48h_sample
750	chr11	67203945	67204116	Module_6634	RPS6KB2	SRF	SRF_known7	48h_sample
751	chr11	67203945	67204116	Module_6634	CORO1B	SRF	SRF_known7	48h_sample
752	chr11	67203945	67204116	Module_6634	PTPRCAP	SRF	SRF_known7	48h_sample
753	chr11	130016427	130016598	Module_7514	ST14	SOX1	SOX1_M6134_1.02	48h_sample
754	chr11	130016427	130016598	Module_7514	ST14	MEIS2	MEIS2_4	48h_sample
755	chr11	130016427	130016598	Module_7514	ST14	SOX1	SOX1_M6134_1.02	48h_sample
756	chr14	74101112	74101283	Module_10970	DNAL1	CTCF	CTCF_M4592_1.02	0h_sample
757	chr14	74101112	74101283	Module_10970	ACOT2	CTCF	CTCF_M4592_1.02	0h_sample
758	chr14	74101112	74101283	Module_10970	PNMA1	CTCF	CTCF_M4592_1.02	0h_sample
759	chr14	74101112	74101283	Module_10970	ACOT1	CTCF	CTCF_M4592_1.02	0h_sample
760	chr14	74101112	74101283	Module_10970	DNAL1	GLIS3	GLIS3_M4165_1.02	0h_sample
761	chr14	74101112	74101283	Module_10970	ACOT2	GLIS3	GLIS3_M4165_1.02	0h_sample
762	chr14	74101112	74101283	Module_10970	PNMA1	GLIS3	GLIS3_M4165_1.02	0h_sample
763	chr14	74101112	74101283	Module_10970	ACOT1	GLIS3	GLIS3_M4165_1.02	0h_sample
764	chr14	74101112	74101283	Module_10970	DNAL1	ZIC5	ZIC5_M2259_1.02	0h_sample
765	chr14	74101112	74101283	Module_10970	ACOT2	ZIC5	ZIC5_M2259_1.02	0h_sample
766	chr14	74101112	74101283	Module_10970	PNMA1	ZIC5	ZIC5_M2259_1.02	0h_sample
767	chr14	74101112	74101283	Module_10970	ACOT1	ZIC5	ZIC5_M2259_1.02	0h_sample
768	chr14	74101112	74101283	Module_10970	DNAL1	CTCF	CTCF_M4592_1.02	3h_sample
769	chr14	74101112	74101283	Module_10970	ACOT2	CTCF	CTCF_M4592_1.02	3h_sample
770	chr14	74101112	74101283	Module_10970	ACOT1	CTCF	CTCF_M4592_1.02	3h_sample
771	chr14	74101112	74101283	Module_10970	ACOT4	CTCF	CTCF_M4592_1.02	3h_sample
772	chr14	74101112	74101283	Module_10970	DNAL1	ESRRA	ESRRA_disc4	3h_sample
773	chr14	74101112	74101283	Module_10970	ACOT2	ESRRA	ESRRA_disc4	3h_sample
774	chr14	74101112	74101283	Module_10970	ACOT1	ESRRA	ESRRA_disc4	3h_sample
775	chr14	74101112	74101283	Module_10970	ACOT4	ESRRA	ESRRA_disc4	3h_sample
776	chr14	74101112	74101283	Module_10970	DNAL1	GLIS3	GLIS3_M4165_1.02	3h_sample
777	chr14	74101112	74101283	Module_10970	ACOT2	GLIS3	GLIS3_M4165_1.02	3h_sample
778	chr14	74101112	74101283	Module_10970	ACOT1	GLIS3	GLIS3_M4165_1.02	3h_sample
779	chr14	74101112	74101283	Module_10970	ACOT4	GLIS3	GLIS3_M4165_1.02	3h_sample
780	chr14	74101112	74101283	Module_10970	DNAL1	ZIC5	ZIC5_M2259_1.02	3h_sample
781	chr14	74101112	74101283	Module_10970	ACOT2	ZIC5	ZIC5_M2259_1.02	3h_sample
782	chr14	74101112	74101283	Module_10970	ACOT1	ZIC5	ZIC5_M2259_1.02	3h_sample
783	chr14	74101112	74101283	Module_10970	ACOT4	ZIC5	ZIC5_M2259_1.02	3h_sample
784	chr14	74100436	74100607	Module_10970	DNAL1	KLF15	KLF15_M6321_1.02	6h_sample
785	chr14	74100436	74100607	Module_10970	ACOT2	KLF15	KLF15_M6321_1.02	6h_sample
786	chr14	74100436	74100607	Module_10970	PNMA1	KLF15	KLF15_M6321_1.02	6h_sample
787	chr14	74101112	74101283	Module_10970	DNAL1	CTCF	CTCF_M4592_1.02	6h_sample
788	chr14	74101112	74101283	Module_10970	ACOT2	CTCF	CTCF_M4592_1.02	6h_sample
789	chr14	74101112	74101283	Module_10970	PNMA1	CTCF	CTCF_M4592_1.02	6h_sample
790	chr14	74101112	74101283	Module_10970	DNAL1	GLIS3	GLIS3_M4165_1.02	6h_sample
791	chr14	74101112	74101283	Module_10970	ACOT2	GLIS3	GLIS3_M4165_1.02	6h_sample
792	chr14	74101112	74101283	Module_10970	PNMA1	GLIS3	GLIS3_M4165_1.02	6h_sample
793	chr14	74101112	74101283	Module_10970	DNAL1	ZIC5	ZIC5_M2259_1.02	6h_sample
794	chr14	74101112	74101283	Module_10970	ACOT2	ZIC5	ZIC5_M2259_1.02	6h_sample
795	chr14	74101112	74101283	Module_10970	PNMA1	ZIC5	ZIC5_M2259_1.02	6h_sample
796	chr14	74101112	74101283	Module_10970	DNAL1	CTCF	CTCF_M4592_1.02	12h_sample
797	chr14	74101112	74101283	Module_10970	PNMA1	CTCF	CTCF_M4592_1.02	12h_sample
798	chr14	74101112	74101283	Module_10970	DNAL1	GLIS3	GLIS3_M4165_1.02	12h_sample
799	chr14	74101112	74101283	Module_10970	PNMA1	GLIS3	GLIS3_M4165_1.02	12h_sample
800	chr14	74101112	74101283	Module_10970	DNAL1	ZIC5	ZIC5_M2259_1.02	12h_sample
801	chr14	74101112	74101283	Module_10970	PNMA1	ZIC5	ZIC5_M2259_1.02	12h_sample
802	chr14	65801655	65801826	Module_10842	FUT8	SOX1	SOX1_M6134_1.02	24h_sample
803	chr14	65801655	65801826	Module_10842	FUT8	FOXB1	FOXB1_4	24h_sample
804	chr14	65801655	65801826	Module_10842	FUT8	SOX1	SOX1_M6134_1.02	24h_sample
805	chr14	74101112	74101283	Module_10970	DNAL1	CTCF	CTCF_M4592_1.02	48h_sample
806	chr14	74101112	74101283	Module_10970	ACOT2	CTCF	CTCF_M4592_1.02	48h_sample
807	chr14	74101112	74101283	Module_10970	DNAL1	GLIS3	GLIS3_M4165_1.02	48h_sample
808	chr14	74101112	74101283	Module_10970	ACOT2	GLIS3	GLIS3_M4165_1.02	48h_sample
809	chr14	74101112	74101283	Module_10970	DNAL1	ZEB1	ZEB1_M2954_1.02	48h_sample
810	chr14	74101112	74101283	Module_10970	ACOT2	ZEB1	ZEB1_M2954_1.02	48h_sample
811	chr14	74101112	74101283	Module_10970	DNAL1	ZIC5	ZIC5_M2259_1.02	48h_sample
812	chr14	74101112	74101283	Module_10970	ACOT2	ZIC5	ZIC5_M2259_1.02	48h_sample
813	chr17	63568967	63569138	Module_15932	AXIN2	GATA	GATA_known9	0h_sample
814	chr17	63568967	63569138	Module_15932	AXIN2	HNF4	HNF4_known18	0h_sample
815	chr17	63568967	63569138	Module_15932	AXIN2	NR2F2	NR2F2_M5676_1.02	0h_sample
816	chr17	63568967	63569138	Module_15932	AXIN2	RARG	RARG_4	0h_sample
817	chr17	74117554	74117725	Module_16151	EXOC7	CTCF	CTCF_M4592_1.02	0h_sample
818	chr17	74117554	74117725	Module_16151	FOXJ1	CTCF	CTCF_M4592_1.02	0h_sample
819	chr17	16189363	16189534	Module_14783	CENPV	NANOG	NANOG_disc2	3h_sample
820	chr17	63568967	63569138	Module_15932	AXIN2	GATA	GATA_known9	3h_sample
821	chr17	63568967	63569138	Module_15932	AXIN2	HNF4	HNF4_known18	3h_sample
822	chr17	63568967	63569138	Module_15932	AXIN2	NR2F2	NR2F2_M5676_1.02	3h_sample
823	chr17	63568967	63569138	Module_15932	AXIN2	RARG	RARG_4	3h_sample
824	chr17	63568967	63569138	Module_15932	AXIN2	RARG	RARG_M5768_1.02	3h_sample
825	chr17	16189363	16189534	Module_14783	CENPV	SRF	SRF_known1	3h_sample
826	chr17	74117554	74117725	Module_16151	EXOC7	CTCF	CTCF_M4592_1.02	3h_sample
827	chr17	74117554	74117725	Module_16151	FOXJ1	CTCF	CTCF_M4592_1.02	3h_sample
828	chr17	16189363	16189534	Module_14783	CENPV	SRF	SRF_known7	3h_sample
829	chr17	16189363	16189534	Module_14783	CENPV	SRF	SRF_known7	3h_sample
830	chr17	16189363	16189534	Module_14783	CENPV	SOX1	SOX1_M6129_1.02	3h_sample
831	chr17	16189363	16189534	Module_14783	CENPV	SOX1	SOX1_M6475_1.02	3h_sample
832	chr17	16189363	16189534	Module_14783	CENPV	NANOG	NANOG_disc2	6h_sample
833	chr17	63568967	63569138	Module_15932	AXIN2	GATA	GATA_known9	6h_sample
834	chr17	63568967	63569138	Module_15932	AXIN2	HNF4	HNF4_known18	6h_sample
835	chr17	63568967	63569138	Module_15932	AXIN2	NR2F2	NR2F2_M5676_1.02	6h_sample
836	chr17	63568967	63569138	Module_15932	AXIN2	RARG	RARG_4	6h_sample
837	chr17	63568967	63569138	Module_15932	AXIN2	RARG	RARG_M5768_1.02	6h_sample
838	chr17	16189363	16189534	Module_14783	CENPV	SRF	SRF_known1	6h_sample
839	chr17	74117554	74117725	Module_16151	EXOC7	CTCF	CTCF_M4592_1.02	6h_sample
840	chr17	16189363	16189534	Module_14783	CENPV	SRF	SRF_known7	6h_sample
841	chr17	16189363	16189534	Module_14783	CENPV	SRF	SRF_known7	6h_sample
842	chr17	16189363	16189534	Module_14783	CENPV	SOX1	SOX1_M6129_1.02	6h_sample
843	chr17	16189363	16189534	Module_14783	CENPV	SOX1	SOX1_M6475_1.02	6h_sample
844	chr17	16189363	16189534	Module_14783	CENPV	NANOG	NANOG_disc2	12h_sample
845	chr17	63568967	63569138	Module_15932	AXIN2	GATA	GATA_known9	12h_sample
846	chr17	63568967	63569138	Module_15932	AXIN2	HNF4	HNF4_known18	12h_sample
847	chr17	63568967	63569138	Module_15932	AXIN2	NR2F2	NR2F2_M5676_1.02	12h_sample
848	chr17	63568967	63569138	Module_15932	AXIN2	RARG	RARG_4	12h_sample
849	chr17	63568967	63569138	Module_15932	AXIN2	RARG	RARG_M5768_1.02	12h_sample
850	chr17	16189363	16189534	Module_14783	CENPV	SRF	SRF_known1	12h_sample
851	chr17	74117554	74117725	Module_16151	EXOC7	CTCF	CTCF_M4592_1.02	12h_sample
852	chr17	74117554	74117725	Module_16151	FOXJ1	CTCF	CTCF_M4592_1.02	12h_sample
853	chr17	16189363	16189534	Module_14783	CENPV	SRF	SRF_known7	12h_sample
854	chr17	16189363	16189534	Module_14783	CENPV	SRF	SRF_known7	12h_sample
855	chr17	16189363	16189534	Module_14783	CENPV	SOX1	SOX1_M6129_1.02	12h_sample
856	chr17	16189363	16189534	Module_14783	CENPV	SOX1	SOX1_M6475_1.02	12h_sample
857	chr17	16189363	16189534	Module_14783	CENPV	NANOG	NANOG_disc2	24h_sample
858	chr17	63568967	63569138	Module_15932	AXIN2	GATA	GATA_known9	24h_sample
859	chr17	63568967	63569138	Module_15932	CEP112	GATA	GATA_known9	24h_sample
860	chr17	63568967	63569138	Module_15932	AXIN2	HNF4	HNF4_known18	24h_sample
861	chr17	63568967	63569138	Module_15932	CEP112	HNF4	HNF4_known18	24h_sample
862	chr17	63568967	63569138	Module_15932	AXIN2	NR2F2	NR2F2_M5676_1.02	24h_sample
863	chr17	63568967	63569138	Module_15932	CEP112	NR2F2	NR2F2_M5676_1.02	24h_sample
864	chr17	63568967	63569138	Module_15932	AXIN2	RARG	RARG_4	24h_sample
865	chr17	63568967	63569138	Module_15932	CEP112	RARG	RARG_4	24h_sample
866	chr17	63568967	63569138	Module_15932	AXIN2	RARG	RARG_M5768_1.02	24h_sample
867	chr17	63568967	63569138	Module_15932	CEP112	RARG	RARG_M5768_1.02	24h_sample
868	chr17	71609370	71609541	Module_16033	SDK2	E2F3	E2F3_M2271_1.02	24h_sample
869	chr17	71609370	71609541	Module_16033	SDK2	MXI1	MXI1_M4678_1.02	24h_sample
870	chr17	71609370	71609541	Module_16033	SDK2	REST	REST_M4657_1.02	24h_sample
871	chr17	16189363	16189534	Module_14783	CENPV	SRF	SRF_known1	24h_sample
872	chr17	16189363	16189534	Module_14783	CENPV	SRF	SRF_known7	24h_sample
873	chr17	16189363	16189534	Module_14783	CENPV	SRF	SRF_known7	24h_sample
874	chr17	16189363	16189534	Module_14783	CENPV	SOX1	SOX1_M6129_1.02	24h_sample
875	chr17	16189363	16189534	Module_14783	CENPV	SOX1	SOX1_M6475_1.02	24h_sample
876	chr17	63568967	63569138	Module_15932	AXIN2	GATA	GATA_known9	48h_sample
877	chr17	63568967	63569138	Module_15932	AXIN2	HNF4	HNF4_known18	48h_sample
878	chr17	63568967	63569138	Module_15932	AXIN2	NR2F2	NR2F2_M5676_1.02	48h_sample
879	chr17	63568967	63569138	Module_15932	AXIN2	RARG	RARG_4	48h_sample
880	chr17	63568967	63569138	Module_15932	AXIN2	RARG	RARG_M5768_1.02	48h_sample
881	chr17	71609370	71609541	Module_16033	SDK2	E2F3	E2F3_M2271_1.02	48h_sample
882	chr17	71609370	71609541	Module_16033	SDK2	MXI1	MXI1_M4678_1.02	48h_sample
883	chr17	71609370	71609541	Module_16033	SDK2	REST	REST_M4657_1.02	48h_sample
884	chr17	63568967	63569138	Module_15932	AXIN2	GATA	GATA_known9	72h_sample
885	chr17	63568967	63569138	Module_15932	AXIN2	HNF4	HNF4_known18	72h_sample
886	chr17	63568967	63569138	Module_15932	AXIN2	NR2F2	NR2F2_M5676_1.02	72h_sample
887	chr17	63568967	63569138	Module_15932	AXIN2	RARG	RARG_4	72h_sample
888	chr17	63568967	63569138	Module_15932	AXIN2	RARG	RARG_M5768_1.02	72h_sample
889	chr17	71609370	71609541	Module_16033	SDK2	E2F3	E2F3_M2271_1.02	72h_sample
890	chr17	71609370	71609541	Module_16033	SDK2	ESRRA	ESRRA_disc4	72h_sample
891	chr17	71609370	71609541	Module_16033	SDK2	MXI1	MXI1_M4678_1.02	72h_sample
892	chr17	71609370	71609541	Module_16033	SDK2	REST	REST_M4657_1.02	72h_sample
893	chr15	70391971	70392142	Module_12288	TLE3	FOSL1	FOSL1_M6231_1.02	0h_sample
894	chr15	70391971	70392142	Module_12288	TLE3	FOSL1	FOSL1_M6231_1.02	3h_sample
895	chr15	59646790	59646961	Module_12055	MYO1E	IRF3	IRF3_M5572_1.02	6h_sample
896	chr15	59646790	59646961	Module_12055	MYO1E	PAX6	PAX6_M3728_1.02	6h_sample
897	chr15	70391971	70392142	Module_12288	TLE3	TRIM28	TRIM28_M3835_1.02	24h_sample
898	chr15	70391971	70392142	Module_12288	TLE3	FOSL1	FOSL1_M6231_1.02	72h_sample
899	chr16	46994321	46994492	Module_13583	DNAJA2	POU4F1	POU4F1_M5741_1.02	3h_sample
900	chr16	46994321	46994492	Module_13583	DNAJA2	ZEB1	ZEB1_M2954_1.02	3h_sample
901	chr16	70655764	70655935	Module_13974	IL34	TEAD4	TEAD4_1	3h_sample
902	chr16	70655764	70655935	Module_13974	IL34	RFX5	RFX5_disc3	3h_sample
903	chr16	46994321	46994492	Module_13583	DNAJA2	POU4F1	POU4F1_M5741_1.02	6h_sample
904	chr16	46994321	46994492	Module_13583	GPT2	POU4F1	POU4F1_M5741_1.02	6h_sample
905	chr16	46994321	46994492	Module_13583	DNAJA2	ZEB1	ZEB1_M2954_1.02	6h_sample
906	chr16	46994321	46994492	Module_13583	GPT2	ZEB1	ZEB1_M2954_1.02	6h_sample
907	chr16	70655764	70655935	Module_13974	IL34	TEAD4	TEAD4_1	6h_sample
908	chr20	34679567	34679738	Module_22766	EPB41L1	ATF5	ATF5_M2977_1.02	0h_sample
909	chr20	34679567	34679738	Module_22766	EPB41L1	HSF	HSF_known3	0h_sample
910	chr20	34679567	34679738	Module_22766	EPB41L1	HSF1	HSF1_M3443_1.02	3h_sample
911	chr20	34679567	34679738	Module_22766	EPB41L1	HSF	HSF_known3	3h_sample
912	chr20	34679567	34679738	Module_22766	EPB41L1	ATF5	ATF5_M2977_1.02	12h_sample
913	chr20	34679567	34679738	Module_22766	EPB41L1	HSF	HSF_known3	12h_sample
914	chr20	34679567	34679738	Module_22766	EPB41L1	ATF5	ATF5_M2977_1.02	24h_sample
915	chr20	34679567	34679738	Module_22766	EPB41L1	HSF1	HSF1_M3443_1.02	24h_sample
916	chr20	34679567	34679738	Module_22766	EPB41L1	HSF	HSF_known3	24h_sample
917	chr20	34679567	34679738	Module_22766	EPB41L1	ATF5	ATF5_M2977_1.02	48h_sample
918	chr20	34679567	34679738	Module_22766	EPB41L1	HSF	HSF_known3	48h_sample
919	chr20	34679567	34679738	Module_22766	EPB41L1	ATF5	ATF5_M2977_1.02	72h_sample
920	chr20	34679567	34679738	Module_22766	EPB41L1	HSF	HSF_known3	72h_sample
