Chrom	Start	End	Module	Gene
chr5	91786	93029	Module_29124	CCDC127
chr5	91786	93029	Module_29124	PLEKHG4B
chr5	91786	93029	Module_29124	SDHA
chr5	91786	93029	Module_29124	PDCD6
chr20	306811	308233	Module_22231	SOX12
chr20	328125	328947	Module_22233	SOX12
chr20	306811	308233	Module_22231	C20orf96
chr20	328125	328947	Module_22233	C20orf96
chr20	306811	308233	Module_22231	RBCK1
chr20	328125	328947	Module_22233	RBCK1
chr20	306811	308233	Module_22231	NRSN2
chr20	328125	328947	Module_22233	NRSN2
chr20	328125	328947	Module_22233	TBC1D20
chr16	433610	434292	Module_12872	TMEM8A
chr19	488543	489511	Module_17298	TPGS1
chr19	488543	489511	Module_17298	CDC34
chr19	488543	489511	Module_17298	SHC2
chr12	618796	619809	Module_7594	CCDC77
chr12	618796	619809	Module_7594	B4GALNT3
chr12	618796	619809	Module_7594	KDM5A
chr12	618796	619809	Module_7594	LOC100049716
chr11	638116	639186	Module_5502	IRF7
chr11	638778	639435	Module_5503	IRF7
chr11	638116	639186	Module_5502	DRD4
chr11	638778	639435	Module_5503	DRD4
chr11	638116	639186	Module_5502	DEAF1
chr11	638778	639435	Module_5503	DEAF1
chr11	638116	639186	Module_5502	EPS8L2
chr11	638778	639435	Module_5503	EPS8L2
chr11	638116	639186	Module_5502	TMEM80
chr11	638778	639435	Module_5503	TMEM80
chr11	638778	639435	Module_5503	PHRF1
chr11	854692	855192	Module_5532	TSPAN4
chr11	854692	855192	Module_5532	POLR2L
chr7	1067139	1068220	Module_33334	COX19
chr7	1067139	1068220	Module_33334	C7orf50
chr19	1070662	1071730	Module_17370	ABCA7
chr19	1070662	1071730	Module_17370	POLR2E
chr19	1070662	1071730	Module_17370	GPX4
chr16	1195155	1195937	Module_12927	CACNA1H
chr19	1249193	1249912	Module_17388	CIRBP-AS1
chr19	1249193	1249912	Module_17388	ATP5D
chr19	1249193	1249912	Module_17388	EFNA2
chr19	1249193	1249912	Module_17388	MIDN
chr19	1249193	1249912	Module_17388	CIRBP
chr19	1249193	1249912	Module_17388	STK11
chr19	1249193	1249912	Module_17388	C19orf24
chr19	1414878	1416149	Module_17409	DAZAP1
chr16	1429103	1430152	Module_12944	GNPTG
chr16	1429103	1430152	Module_12944	TSR3
chr16	1429103	1430152	Module_12944	UNKL
chr16	1429103	1430152	Module_12944	C16orf91
chr2	1746682	1747737	Module_19461	PXDN
chr8	1750233	1751300	Module_35497	LOC101927752
chr8	1750233	1751300	Module_35497	ARHGEF10
chr8	1750233	1751300	Module_35497	CLN8
chr4	1768241	1770142	Module_27505	SLBP
chr4	1768241	1770142	Module_27505	FGFR3
chr4	1871845	1874063	Module_27514	FGFR3
chr4	1768241	1770142	Module_27505	TMEM129
chr4	1871845	1874063	Module_27514	LETM1
chr19	1864125	1864671	Module_17447	KLF16
chr19	1875902	1876664	Module_17449	KLF16
chr19	1864125	1864671	Module_17447	ADAT3
chr19	1875902	1876664	Module_17449	ADAT3
chr19	1887121	1887686	Module_17451	ADAT3
chr19	1864125	1864671	Module_17447	REXO1
chr19	1875902	1876664	Module_17449	REXO1
chr17	1902985	1903504	Module_14468	DPH1
chr17	1902985	1903504	Module_14468	OVCA2
chr11	2025445	2026147	Module_5592	H19
chr19	2061137	2061845	Module_17467	BTBD2
chr19	2061137	2061845	Module_17467	MKNK2
chr19	2061137	2061845	Module_17467	AP3D1
chr17	2295854	2297522	Module_14481	TSR1
chr17	2295854	2297522	Module_14481	SGSM2
chr17	2295854	2297522	Module_14481	SRR
chr17	2295854	2297522	Module_14481	METTL16
chr17	2295854	2297522	Module_14481	SMG6
chr1	2363510	2364307	Module_141	PEX10
chr1	2377824	2378375	Module_142	PEX10
chr1	2377824	2378375	Module_142	MORN1
chr1	2377824	2378375	Module_142	RER1
chr1	2474906	2475585	Module_149	FAM213B
chr1	2476389	2476889	Module_150	FAM213B
chr1	2477409	2478995	Module_151	FAM213B
chr1	2574009	2575066	Module_157	FAM213B
chr1	2474906	2475585	Module_149	PANK4
chr1	2476389	2476889	Module_150	PANK4
chr1	2477409	2478995	Module_151	PANK4
chr7	2535390	2536023	Module_33421	LFNG
chr7	2537277	2537989	Module_33422	LFNG
chr7	2538309	2538828	Module_33423	LFNG
chr7	2539250	2540115	Module_33424	LFNG
chr7	2563505	2564931	Module_33431	LFNG
chr7	2539250	2540115	Module_33424	CHST12
chr7	2539250	2540115	Module_33424	IQCE
chr7	2563505	2564931	Module_33431	IQCE
chr7	2539250	2540115	Module_33424	BRAT1
chr7	2563505	2564931	Module_33431	BRAT1
chr17	2627470	2628431	Module_14492	RAP1GAP2
chr17	2658469	2659808	Module_14494	RAP1GAP2
chr17	2679340	2680805	Module_14495	RAP1GAP2
chr17	2627470	2628431	Module_14492	CLUH
chr17	2658469	2659808	Module_14494	CLUH
chr17	2679340	2680805	Module_14495	CLUH
chr5	2750160	2750824	Module_29246	IRX2
chr5	2750160	2750824	Module_29246	C5orf38
chr7	2860836	2861489	Module_33451	GNA12
chr6	2988749	2989608	Module_31239	SERPINB9
chr6	2988749	2989608	Module_31239	SERPINB1
chr11	2883307	2884609	Module_5612	CDKN1C
chr11	2888930	2889515	Module_5613	CDKN1C
chr11	2883307	2884609	Module_5612	SLC22A18
chr11	2888930	2889515	Module_5613	SLC22A18
chr12	2935930	2936430	Module_7646	ITFG2
chr12	2935930	2936430	Module_7646	FKBP4
chr6	2988749	2989608	Module_31239	BPHL
chr6	2988749	2989608	Module_31239	SERPINB6
chr6	2988749	2989608	Module_31239	NQO2
chr6	2988749	2989608	Module_31239	RIPK1
chr6	2988749	2989608	Module_31239	WRNIP1
chr16	3071106	3071943	Module_13027	TNFRSF12A
chr16	3071106	3071943	Module_13027	IL32
chr16	3071106	3071943	Module_13027	THOC6
chr16	3071106	3071943	Module_13027	HCFC1R1
chr16	3071106	3071943	Module_13027	PKMYT1
chr16	3071106	3071943	Module_13027	MMP25
chr16	3071106	3071943	Module_13027	CLDN6
chr16	3199431	3200960	Module_13041	ZNF205
chr12	3213993	3214532	Module_7675	TSPAN9
chr4	3293322	3295120	Module_27584	RGS12
chr18	3447846	3448598	Module_16539	TGIF1
chr5	3564964	3565464	Module_29251	IRX1
chrX	3732721	3734726	Module_38964	PRKX
chrX	3732721	3734726	Module_38964	LOC389906
chr6	4018562	4019200	Module_31290	FAM50B
chr6	4018562	4019200	Module_31290	PRPF4B
chr6	4018562	4019200	Module_31290	ECI2
chr16	4233404	4234201	Module_13064	ADCY9
chr17	4268501	4269403	Module_14543	ANKFY1
chr17	4268501	4269403	Module_14543	UBE2G1
chr16	4321083	4322485	Module_13070	TFAP4
chr19	4326715	4329044	Module_17605	FSD1
chr19	4326715	4329044	Module_17605	STAP2
chr19	4326715	4329044	Module_17605	MPND
chr12	4380223	4381694	Module_7688	CCND2
chr19	4390194	4391246	Module_17611	SH3GL1
chr19	4414622	4415906	Module_17616	SH3GL1
chr19	4390194	4391246	Module_17611	CHAF1A
chr19	4414622	4415906	Module_17616	CHAF1A
chr19	4414622	4415906	Module_17616	UBXN6
chr19	4584099	4585187	Module_17625	SEMA6B
chr7	4690107	4690796	Module_33472	FOXK1
chr12	5538865	5539466	Module_7703	NTF3
chr12	5589250	5590437	Module_7707	NTF3
chr10	5556116	5556616	Module_3833	NET1
chr7	5571063	5571984	Module_33503	FBXL18
chr7	5595569	5596668	Module_33506	FBXL18
chr7	5608899	5610146	Module_33508	FBXL18
chr7	5633860	5634537	Module_33512	FBXL18
chr7	5571063	5571984	Module_33503	ACTB
chr7	5595569	5596668	Module_33506	ACTB
chr7	5608899	5610146	Module_33508	ACTB
chr7	5633860	5634537	Module_33512	ACTB
chr7	5595569	5596668	Module_33506	FSCN1
chr7	5608899	5610146	Module_33508	FSCN1
chr7	5633860	5634537	Module_33512	FSCN1
chr7	5608899	5610146	Module_33508	CCZ1
chr7	5633860	5634537	Module_33512	CCZ1
chr7	5633860	5634537	Module_33512	RNF216
chr2	5836140	5838017	Module_19481	SOX11
chr12	6193404	6193904	Module_7712	VWF
chr10	6245508	6247285	Module_3853	RBM17
chr10	6245508	6247285	Module_3853	PFKFB3
chr1	6301879	6302713	Module_216	HES3
chr1	6305096	6306373	Module_217	HES3
chr1	6301879	6302713	Module_216	RPL22
chr1	6305096	6306373	Module_217	RPL22
chr1	6301879	6302713	Module_216	ICMT
chr1	6305096	6306373	Module_217	ICMT
chr1	6301879	6302713	Module_216	GPR153
chr1	6305096	6306373	Module_217	GPR153
chr1	6301879	6302713	Module_216	LINC00337
chr1	6305096	6306373	Module_217	LINC00337
chr12	6324060	6324768	Module_7720	CD9
chr1	6507006	6508482	Module_237	PLEKHG5
chr1	6549715	6551070	Module_246	PLEKHG5
chr1	6507006	6508482	Module_237	TNFRSF25
chr1	6549715	6551070	Module_246	TNFRSF25
chr1	6507006	6508482	Module_237	ACOT7
chr9	6680991	6682330	Module_37159	GLDC
chr9	6680991	6682330	Module_37159	KDM4C
chr12	6722209	6723574	Module_7753	NOP2
chr12	6722209	6723574	Module_7753	IFFO1
chr12	6722209	6723574	Module_7753	CHD4
chr12	6722209	6723574	Module_7753	ING4
chr12	6722209	6723574	Module_7753	GAPDH
chr12	6722209	6723574	Module_7753	SCARNA10
chr19	6752500	6753926	Module_17700	C3
chr19	6752500	6753926	Module_17700	TRIP10
chr6	7051454	7052560	Module_31313	RREB1
chr19	7098796	7099542	Module_17704	ZNF557
chr17	7117300	7118857	Module_14624	ASGR1
chr17	7117300	7118857	Module_14624	ACADVL
chr17	7117300	7118857	Module_14624	DLG4
chr17	7117300	7118857	Module_14624	DVL2
chr17	7117300	7118857	Module_14624	PHF23
chr17	7233212	7233969	Module_14634	YBX2
chr17	7233212	7233969	Module_14634	NEURL4
chr17	7233212	7233969	Module_14634	ACAP1
chr17	7233212	7233969	Module_14634	KCTD11
chr17	7233212	7233969	Module_14634	EIF5A
chr17	7233212	7233969	Module_14634	GPS2
chr17	7233212	7233969	Module_14634	TNK1
chr19	7599656	7600670	Module_17720	MCOLN1
chr19	7599656	7600670	Module_17720	PNPLA6
chr19	7599656	7600670	Module_17720	PEX11G
chr19	7599656	7600670	Module_17720	CAMSAP3
chr19	7599656	7600670	Module_17720	ZNF358
chr19	7599656	7600670	Module_17720	PET100
chr19	7599656	7600670	Module_17720	STXBP2
chr17	7738353	7739410	Module_14663	CYB5D1
chr17	7739475	7740509	Module_14664	CYB5D1
chr17	7738353	7739410	Module_14663	NAA38
chr17	7739475	7740509	Module_14664	NAA38
chr17	7738353	7739410	Module_14663	TMEM88
chr17	7739475	7740509	Module_14664	TMEM88
chr17	7738353	7739410	Module_14663	CHD3
chr17	7739475	7740509	Module_14664	CHD3
chr17	8124415	8125793	Module_14694	PFAS
chr17	8124415	8125793	Module_14694	AURKB
chr11	8263501	8264125	Module_5714	LMO1
chr11	8291296	8291796	Module_5718	LMO1
chr11	8304256	8305506	Module_5719	LMO1
chr11	8305305	8305805	Module_5720	LMO1
chr2	8778343	8778855	Module_19497	ID2
chr2	8782532	8783094	Module_19499	ID2
chr12	8849982	8851377	Module_7828	RIMKLB
chr11	9037981	9038892	Module_5740	NRIP3
chr11	9058544	9059212	Module_5741	NRIP3
chr11	9037981	9038892	Module_5740	TMEM9B
chr11	9058544	9059212	Module_5741	TMEM9B
chr11	8861624	8862285	Module_5735	ST5
chr11	8861624	8862285	Module_5735	AKIP1
chr11	9037981	9038892	Module_5740	TMEM9B-AS1
chr11	9058544	9059212	Module_5741	TMEM9B-AS1
chr16	8962350	8963023	Module_13161	USP7
chr16	8962350	8963023	Module_13161	METTL22
chr16	8962350	8963023	Module_13161	PMM2
chr16	8962350	8963023	Module_13161	TMEM186
chr16	8962350	8963023	Module_13161	ABAT
chr16	8962350	8963023	Module_13161	CARHSP1
chr11	9037981	9038892	Module_5740	SCUBE2
chr11	9058544	9059212	Module_5741	SCUBE2
chr18	9434032	9434678	Module_16631	RALBP1
chr18	9434032	9434678	Module_16631	TWSG1
chr18	9434032	9434678	Module_16631	RAB31
chr18	9434032	9434678	Module_16631	PPP4R1
chr5	9456003	9456787	Module_29300	SNHG18
chr5	9456003	9456787	Module_29300	SEMA5A
chr11	9634733	9636106	Module_5754	SWAP70
chr11	9634733	9636106	Module_5754	WEE1
chr2	10024546	10025055	Module_19531	TAF1B
chr2	10024546	10025055	Module_19531	GRHL1
chr1	10239064	10240320	Module_349	KIF1B
chr1	10239064	10240320	Module_349	RBP7
chr18	10403404	10403904	Module_16648	APCDD1
chr18	10403404	10403904	Module_16648	NAPG
chr1	10550269	10550838	Module_353	PEX14
chr1	10550269	10550838	Module_353	DFFA
chr19	11071169	11072317	Module_17869	YIPF2
chr19	11071169	11072317	Module_17869	SMARCA4
chr19	11200732	11201577	Module_17872	LDLR
chr19	11200732	11201577	Module_17872	SPC24
chr18	11688955	11690222	Module_16659	GNAL
chr18	11688955	11690222	Module_16659	CHMP1B
chr1	11967805	11969211	Module_389	KIAA2013
chr1	11967805	11969211	Module_389	PLOD1
chr1	11967805	11969211	Module_389	MTHFR
chr1	11967805	11969211	Module_389	CLCN6
chr1	11967805	11969211	Module_389	MFN2
chr1	11967805	11969211	Module_389	MIIP
chr6	12010945	12012205	Module_31395	HIVEP1
chr6	12749239	12750588	Module_31408	PHACTR1
chr11	12114148	12114685	Module_5791	MICAL2
chr18	12333729	12335628	Module_16691	TUBB6
chr18	12333729	12335628	Module_16691	AFG3L2
chr1	12654890	12656376	Module_406	DHRS3
chr17	12932652	12933152	Module_14746	ELAC2
chr19	13205961	13206502	Module_17971	TRMT1
chr19	13262242	13263032	Module_17974	TRMT1
chr19	13274261	13275803	Module_17978	TRMT1
chr19	13205961	13206502	Module_17971	NACC1
chr19	13262242	13263032	Module_17974	NACC1
chr19	13274261	13275803	Module_17978	NACC1
chr19	13262242	13263032	Module_17974	IER2
chr19	13274261	13275803	Module_17978	IER2
chr19	13262242	13263032	Module_17974	STX10
chr19	13274261	13275803	Module_17978	STX10
chr19	13957689	13958854	Module_17996	ZSWIM4
chr19	13957689	13958854	Module_17996	MRI1
chr19	13957689	13958854	Module_17996	CC2D1A
chr19	13957689	13958854	Module_17996	C19orf53
chr7	14028410	14029803	Module_33600	ETV1
chr12	14436277	14437380	Module_7917	ATF7IP
chr3	14454344	14455177	Module_25225	SLC6A6
chr19	15442166	15443810	Module_18072	AKAP8
chr19	15442166	15443810	Module_18072	AKAP8L
chr19	15442166	15443810	Module_18072	BRD4
chr4	15480668	15481443	Module_27779	CC2D2A
chr4	15480668	15481443	Module_27779	FBXL5
chr1	16161045	16161752	Module_447	PLEKHM2
chr3	15971259	15971759	Module_25266	ANKRD28
chr17	16118256	16119276	Module_14779	PIGL
chr17	16118256	16119276	Module_14779	CENPV
chr1	16161045	16161752	Module_447	FBLIM1
chr1	16161937	16162726	Module_448	FBLIM1
chr1	16161045	16161752	Module_447	SPEN
chr1	16161937	16162726	Module_448	SPEN
chr1	16161045	16161752	Module_447	ZBTB17
chr1	16442187	16443503	Module_457	ZBTB17
chr1	16161045	16161752	Module_447	FLJ37453
chr1	16161937	16162726	Module_448	FLJ37453
chr1	16442187	16443503	Module_457	EPHA2
chr1	16471365	16473382	Module_458	EPHA2
chr6	17305279	17305988	Module_31460	RBM24
chr19	17356861	17357744	Module_18110	BABAM1
chr19	17438298	17439337	Module_18117	BABAM1
chr19	17356861	17357744	Module_18110	USE1
chr19	17356861	17357744	Module_18110	NR2F6
chr19	17356861	17357744	Module_18110	OCEL1
chr19	17438298	17439337	Module_18117	DDA1
chr19	17438298	17439337	Module_18117	GTPBP3
chr19	17438298	17439337	Module_18117	ABHD8
chr19	17438298	17439337	Module_18117	MRPL34
chr19	17438298	17439337	Module_18117	ANO8
chr22	17652141	17652881	Module_23954	CECR6
chr22	17679103	17680679	Module_23956	CECR6
chr22	17652141	17652881	Module_23954	IL17RA
chr22	17679103	17680679	Module_23956	IL17RA
chr22	17652141	17652881	Module_23954	CECR2
chr22	17679103	17680679	Module_23956	CECR2
chr1	17764076	17765377	Module_497	RCC2
chr17	18134344	18134966	Module_14849	LLGL1
chr17	18134344	18134966	Module_14849	FLII
chr17	18134344	18134966	Module_14849	ALKBH5
chr19	18334597	18335855	Module_18185	MPV17L2
chr19	18334597	18335855	Module_18185	IFI30
chr19	18402921	18404254	Module_18195	JUND
chr19	18402921	18404254	Module_18195	LSM4
chr1	18416895	18417757	Module_518	IGSF21
chr3	18466274	18467517	Module_25299	SATB1
chr22	18483300	18484546	Module_23988	MICAL3
chr22	18483300	18484546	Module_23988	PEX26
chr19	18539518	18540826	Module_18212	SSBP4
chr19	18539518	18540826	Module_18212	ISYNA1
chr18	18842896	18843482	Module_16721	GREB1L
chr18	18943429	18943929	Module_16723	GREB1L
chr18	18946745	18947245	Module_16724	GREB1L
chr19	19516056	19517884	Module_18258	GATAD2A
chr8	20125647	20126869	Module_35674	ATP6V1B2
chr11	20179261	20179761	Module_5914	DBX1
chr11	20230321	20230821	Module_5917	DBX1
chr11	20230321	20230821	Module_5917	HTATIP2
chr11	20295480	20295980	Module_5918	HTATIP2
chr11	20298092	20298592	Module_5919	HTATIP2
chr11	20364009	20364799	Module_5922	HTATIP2
chr11	20364009	20364799	Module_5922	PRMT3
chr6	20403389	20404101	Module_31487	E2F3
chr6	20403389	20404101	Module_31487	CDKAL1
chr2	20687339	20688161	Module_19687	RHOB
chr22	21325262	21325931	Module_24078	LZTR1
chr22	21325262	21325931	Module_24078	CRKL
chr22	21325262	21325931	Module_24078	THAP7
chr22	21325262	21325931	Module_24078	AIFM3
chr22	21325262	21325931	Module_24078	THAP7-AS1
chr22	21325262	21325931	Module_24078	PI4KA
chr14	21571789	21572429	Module_10411	ZNF219
chr14	21571789	21572429	Module_10411	ARHGEF40
chr14	21571789	21572429	Module_10411	LINC00641
chr14	21571789	21572429	Module_10411	HNRNPC
chr14	21571789	21572429	Module_10411	NDRG2
chr14	21571789	21572429	Module_10411	METTL17
chr10	21805596	21806559	Module_4016	CASC10
chr10	21805596	21806559	Module_4016	MLLT10
chr10	21805596	21806559	Module_4016	SKIDA1
chr14	21993966	21995169	Module_10430	SALL2
chr14	21993966	21995169	Module_10430	CHD8
chr14	21993966	21995169	Module_10430	METTL3
chr14	21993966	21995169	Module_10430	TOX4
chr14	21993966	21995169	Module_10430	RAB2B
chr14	21993966	21995169	Module_10430	SUPT16H
chr22	22274042	22274772	Module_24107	PPM1F
chr22	22274042	22274772	Module_24107	TOP3B
chr22	22274042	22274772	Module_24107	MAPK1
chr8	22973776	22974467	Module_35752	TNFRSF10C
chr14	23291114	23292363	Module_10443	MRPL52
chr14	23291114	23292363	Module_10443	OXA1L
chr14	23291114	23292363	Module_10443	MMP14
chr14	23476034	23476602	Module_10457	RBM23
chr14	23476034	23476602	Module_10457	C14orf93
chr14	23476034	23476602	Module_10457	PRMT5
chr14	23476034	23476602	Module_10457	PSMB5
chr14	23476034	23476602	Module_10457	HAUS4
chr14	23476034	23476602	Module_10457	AJUBA
chr14	23476034	23476602	Module_10457	CDH24
chr22	23584505	23585815	Module_24138	BCR
chr14	23749252	23749867	Module_10481	HOMEZ
chr14	23770612	23771451	Module_10484	HOMEZ
chr14	23749252	23749867	Module_10481	BCL2L2
chr14	23770612	23771451	Module_10484	BCL2L2
chr14	23749252	23749867	Module_10481	BCL2L2-PABPN1
chr14	23770612	23771451	Module_10484	BCL2L2-PABPN1
chr14	23749252	23749867	Module_10481	PABPN1
chr14	23770612	23771451	Module_10484	PABPN1
chr14	23770612	23771451	Module_10484	SLC22A17
chr14	23770612	23771451	Module_10484	EFS
chr14	23770612	23771451	Module_10484	SLC7A8
chr14	23770612	23771451	Module_10484	CMTM5
chr9	23821120	23822024	Module_37276	ELAVL2
chr1	23880697	23881758	Module_688	ID3
chr1	23880697	23881758	Module_688	ASAP3
chr1	23880697	23881758	Module_688	E2F2
chr18	24127353	24128774	Module_16773	KCTD1
chr18	24235836	24237297	Module_16781	KCTD1
chr22	24199537	24200473	Module_24148	SMARCB1
chr22	24199537	24200473	Module_24148	DDT
chr22	24199537	24200473	Module_24148	DDTL
chr22	24199537	24200473	Module_24148	RGL4
chr22	24199537	24200473	Module_24148	MIF
chr22	24199537	24200473	Module_24148	DERL3
chr13	24204484	24204984	Module_9592	TNFRSF19
chr13	24206200	24207324	Module_9593	TNFRSF19
chr2	24306674	24307566	Module_19707	FKBP1B
chr2	24306674	24307566	Module_19707	TP53I3
chr2	24306674	24307566	Module_19707	ATAD2B
chr2	24306674	24307566	Module_19707	UBXN2A
chr2	24306674	24307566	Module_19707	ITSN2
chr2	24713652	24715035	Module_19710	ITSN2
chr2	24306674	24307566	Module_19707	NCOA1
chr2	24713652	24715035	Module_19710	NCOA1
chr2	24306674	24307566	Module_19707	FAM228B
chr12	24409363	24409863	Module_7990	SOX5
chr20	24423641	24425204	Module_22561	SYNDIG1
chr1	24476911	24478167	Module_703	IFNLR1
chr7	25018926	25020216	Module_33742	CYCS
chr7	25018926	25020216	Module_33742	OSBPL3
chr7	25018926	25020216	Module_33742	DFNA5
chr1	25051041	25052265	Module_718	CLIC4
chr4	25133250	25133969	Module_27852	SEPSECS
chr22	25348112	25349868	Module_24180	KIAA1671
chr22	25348112	25349868	Module_24180	SGSM1
chr2	25473219	25475682	Module_19731	DNMT3A
chr1	26201572	26202810	Module_750	STMN1
chr1	26201572	26202810	Module_750	AUNIP
chr1	26201572	26202810	Module_750	MTFR1L
chr1	26201572	26202810	Module_750	PAQR7
chr7	26226996	26227885	Module_33757	HNRNPA2B1
chr7	26226996	26227885	Module_33757	CBX3
chr8	26306621	26308028	Module_35816	BNIP3L
chr8	26306621	26308028	Module_35816	PNMA2
chr8	26306621	26308028	Module_35816	SDAD1P1
chr8	26306621	26308028	Module_35816	PPP2R2A
chr4	26322038	26323286	Module_27878	RBPJ
chr4	26322038	26323286	Module_27878	TBC1D19
chr1	26608251	26609388	Module_769	CEP85
chr1	26608251	26609388	Module_769	SH3BGRL3
chr1	26608251	26609388	Module_769	CD52
chr1	26796048	26796548	Module_791	HMGN2
chr1	26826543	26827879	Module_792	HMGN2
chr1	26826543	26827879	Module_792	RPS6KA1
chr1	26947030	26947797	Module_795	RPS6KA1
chr1	26947030	26947797	Module_795	ARID1A
chr2	27135226	27135858	Module_19777	MAPRE3
chr2	27135226	27135858	Module_19777	DPYSL5
chr17	27313801	27314514	Module_14990	PHF12
chr17	27313801	27314514	Module_14990	SEZ6
chr10	27434814	27435341	Module_4075	ANKRD26
chr10	27434814	27435341	Module_4075	YME1L1
chr10	27434814	27435341	Module_4075	MASTL
chr8	27559784	27560284	Module_35852	ESCO2
chr8	27559784	27560284	Module_35852	CCDC25
chr8	27559784	27560284	Module_35852	SCARA3
chr1	27633068	27634078	Module_828	TMEM222
chr1	27633068	27634078	Module_828	SYTL1
chr1	27633068	27634078	Module_828	WDTC1
chr11	27740112	27740932	Module_5965	LINC00678
chr11	27743624	27744955	Module_5967	LINC00678
chr11	27740112	27740932	Module_5965	LIN7C
chr11	27740112	27740932	Module_5965	KIF18A
chr11	27740112	27740932	Module_5965	LGR4
chr11	27740112	27740932	Module_5965	METTL15
chr11	27740112	27740932	Module_5965	CCDC34
chr1	27893576	27894076	Module_854	AHDC1
chr1	27901664	27902802	Module_859	AHDC1
chr1	27933485	27934229	Module_868	AHDC1
chr1	27933485	27934229	Module_868	IFI6
chr15	28264534	28265238	Module_11626	HERC2
chr15	29121329	29121955	Module_11633	HERC2
chr1	28695960	28696618	Module_893	MED18
chr1	28695960	28696618	Module_893	SNHG3
chr1	28695960	28696618	Module_893	SESN2
chr1	28695960	28696618	Module_893	RCC1
chr16	28834929	28835817	Module_13463	NFATC2IP
chr16	28834929	28835817	Module_13463	ATXN2L
chr16	28834929	28835817	Module_13463	SH2B1
chr16	28834929	28835817	Module_13463	SPNS1
chr16	28834929	28835817	Module_13463	TUFM
chr16	28834929	28835817	Module_13463	RABEP2
chr17	28927162	28927798	Module_15042	SUZ12P1
chr17	28927162	28927798	Module_15042	GOSR1
chr17	28927162	28927798	Module_15042	CPD
chr1	28974460	28975929	Module_901	TAF12
chr1	28974460	28975929	Module_901	GMEB1
chr15	29121329	29121955	Module_11633	APBA2
chr15	29121329	29121955	Module_11633	HERC2P9
chr8	29215269	29215869	Module_35890	DUSP4
chr22	29278802	29281316	Module_24262	ZNRF3
chr12	29301961	29303029	Module_8030	ERGIC2
chr12	29301961	29303029	Module_8030	FAR2
chr12	29935658	29937147	Module_8039	FAR2
chr12	29935658	29937147	Module_8039	TMTC1
chr16	30388750	30390665	Module_13517	TBC1D10B
chr16	30411464	30412173	Module_13518	TBC1D10B
chr16	30388750	30390665	Module_13517	CD2BP2
chr16	30411464	30412173	Module_13518	CD2BP2
chr16	30388750	30390665	Module_13517	DCTPP1
chr16	30411464	30412173	Module_13518	DCTPP1
chr16	30388750	30390665	Module_13517	ZNF48
chr16	30411464	30412173	Module_13518	ZNF48
chr20	30605747	30607347	Module_22631	CCM2L
chr20	30605747	30607347	Module_22631	TM9SF4
chr20	30932430	30933212	Module_22643	KIF3B
chr20	31044569	31045785	Module_22645	KIF3B
chr16	30669227	30670310	Module_13530	SRCAP
chr16	30669227	30670310	Module_13530	LOC730183
chr16	30669227	30670310	Module_13530	FBRS
chr16	30669227	30670310	Module_13530	ZNF689
chr16	30669227	30670310	Module_13530	PRR14
chr16	30786528	30787289	Module_13531	PHKG2
chr4	30718728	30720013	Module_27887	PCDH7
chr16	30786528	30787289	Module_13531	ZNF629
chr16	30786528	30787289	Module_13531	RNF40
chr22	30818914	30820306	Module_24342	MTFP1
chr22	30818914	30820306	Module_24342	SEC14L2
chr22	30818914	30820306	Module_24342	GAL3ST1
chr22	30818914	30820306	Module_24342	SEC14L4
chr22	30818914	30820306	Module_24342	TBC1D10A
chr22	30818914	30820306	Module_24342	RNF215
chr16	30921637	30922278	Module_13535	BCL7C
chr16	30921637	30922278	Module_13535	FBXL19
chr20	30932430	30933212	Module_22643	ASXL1
chr20	31044569	31045785	Module_22645	ASXL1
chr22	31480703	31481720	Module_24362	RNF185
chr22	31480703	31481720	Module_24362	SMTN
chr22	31480703	31481720	Module_24362	MORC2
chr22	31738426	31740034	Module_24381	LIMK2
chr22	31480703	31481720	Module_24362	MORC2-AS1
chr1	31627414	31628545	Module_945	NKAIN1
chr1	31627414	31628545	Module_945	PUM1
chr22	31738426	31740034	Module_24381	PIK3IP1
chr22	31738426	31740034	Module_24381	DRG1
chr22	31738426	31740034	Module_24381	PATZ1
chr11	32094628	32095231	Module_5991	RCN1
chr1	32179947	32181374	Module_973	COL16A1
chr1	32179947	32181374	Module_973	PEF1
chr9	32344274	32345650	Module_37310	ACO1
chr8	32345185	32345685	Module_35921	NRG1
chr12	32551879	32553070	Module_8082	YARS2
chr12	32551879	32553070	Module_8082	FGD4
chr12	32551879	32553070	Module_8082	DNM1L
chr12	32551879	32553070	Module_8082	PKP2
chr1	32705033	32706318	Module_995	TXLNA
chr1	32705033	32706318	Module_995	MTMR9LP
chr1	32705033	32706318	Module_995	CCDC28B
chr1	32705033	32706318	Module_995	LCK
chr1	32705033	32706318	Module_995	EIF3I
chr1	32705033	32706318	Module_995	TMEM234
chr1	32705033	32706318	Module_995	IQCC
chr1	32705033	32706318	Module_995	HDAC1
chr1	32739321	32741199	Module_998	HDAC1
chr1	32816828	32817590	Module_1002	HDAC1
chr1	32705033	32706318	Module_995	KPNA6
chr1	32816828	32817590	Module_1002	MARCKSL1
chr1	32816828	32817590	Module_1002	BSDC1
chr3	32821964	32823351	Module_25375	CNOT10
chr3	32857816	32858600	Module_25378	CNOT10
chr3	32884486	32886075	Module_25385	CNOT10
chr3	32821964	32823351	Module_25375	TRIM71
chr3	32857816	32858600	Module_25378	TRIM71
chr3	32884486	32886075	Module_25385	TRIM71
chr21	32886763	32887514	Module_23538	TIAM1
chr21	32886763	32887514	Module_23538	LOC150051
chr2	33171766	33173203	Module_19862	LTBP1
chr1	33202225	33202830	Module_1015	KIAA1522
chr1	33207087	33208358	Module_1016	KIAA1522
chr1	33224943	33226193	Module_1019	KIAA1522
chr11	33279408	33280190	Module_6015	HIPK3
chr11	33279408	33280190	Module_6015	CSTF3
chr11	33279408	33280190	Module_6015	LINC00294
chr17	33415520	33416698	Module_15115	LIG3
chr17	33415520	33416698	Module_15115	RAD51D
chr17	33415520	33416698	Module_15115	NLE1
chr17	33415520	33416698	Module_15115	RFFL
chr17	33415520	33416698	Module_15115	ZNF830
chr17	33415520	33416698	Module_15115	FNDC8
chr6	33746014	33746734	Module_31699	LEMD2
chr1	33804031	33804567	Module_1051	PHC2
chr1	33829274	33829957	Module_1054	PHC2
chr1	33829971	33830588	Module_1055	PHC2
chr1	33804031	33804567	Module_1051	ZNF362
chr1	33829274	33829957	Module_1054	ZSCAN20
chr1	33829971	33830588	Module_1055	ZSCAN20
chr13	34116550	34117271	Module_9745	PDS5B
chr13	34116550	34117271	Module_9745	N4BP2L2
chr13	34116550	34117271	Module_9745	RFC3
chr19	34286194	34287091	Module_18417	KCTD15
chr20	34541871	34542727	Module_22758	SCAND1
chr20	34679322	34680099	Module_22766	EPB41L1
chr9	34577695	34578639	Module_37359	CNTFR
chr9	34580208	34580708	Module_37361	CNTFR
chr9	34577695	34578639	Module_37359	ENHO
chr9	34580208	34580708	Module_37361	ENHO
chr9	34577695	34578639	Module_37359	RPP25L
chr9	34580208	34580708	Module_37361	RPP25L
chr9	34577695	34578639	Module_37359	DCTN3
chr9	34580208	34580708	Module_37361	DCTN3
chr20	35089357	35090305	Module_22777	MYL9
chr1	35350583	35351802	Module_1072	SMIM12
chr6	35453064	35454527	Module_31769	TULP1
chr6	35453064	35454527	Module_31769	RPL10A
chr6	35453064	35454527	Module_31769	FANCE
chr6	35453064	35454527	Module_31769	TEAD3
chr11	35564933	35565540	Module_6042	PAMR1
chr6	35699054	35700183	Module_31783	CLPSL2
chr6	35699054	35700183	Module_31783	SRPK1
chr17	35715424	35716544	Module_15160	ACACA
chr17	35715424	35716544	Module_15160	TADA2A
chr17	35715424	35716544	Module_15160	DUSP14
chr9	35756477	35757423	Module_37410	CREB3
chr9	35756477	35757423	Module_37410	TLN1
chr9	35756477	35757423	Module_37410	GBA2
chr9	35756477	35757423	Module_37410	NPR2
chr22	35772588	35774211	Module_24438	HMOX1
chr22	35772588	35774211	Module_24438	TOM1
chr22	35772588	35774211	Module_24438	MCM5
chr20	35873965	35874706	Module_22814	RPN2
chr20	35880196	35880758	Module_22815	RPN2
chr20	36024432	36025200	Module_22831	SRC
chr19	35999925	36001862	Module_18466	TMEM147
chr19	35999925	36001862	Module_18466	DMKN
chr11	36023535	36024181	Module_6058	LDLRAD3
chr11	36131268	36132195	Module_6061	LDLRAD3
chr20	36024432	36025200	Module_22831	BLCAP
chr20	36024432	36025200	Module_22831	NNAT
chr11	36131268	36132195	Module_6061	COMMD9
chr11	36476253	36477039	Module_6081	COMMD9
chr1	36172529	36173865	Module_1098	PSMB2
chr1	36156567	36157345	Module_1094	C1orf216
chr1	36172529	36173865	Module_1098	C1orf216
chr1	36172529	36173865	Module_1098	CLSPN
chr1	36172529	36173865	Module_1098	AGO4
chr20	36355744	36356268	Module_22845	CTNNBL1
chr19	36360354	36361143	Module_18496	LRFN3
chr19	36360354	36361143	Module_18496	KIRREL2
chr19	36360354	36361143	Module_18496	APLP1
chr13	36431619	36432459	Module_9757	DCLK1
chr13	36704700	36705739	Module_9761	DCLK1
chr11	36476253	36477039	Module_6081	TRAF6
chr11	36476253	36477039	Module_6081	PRR5L
chr11	36476253	36477039	Module_6081	C11orf74
chr9	36487064	36488147	Module_37438	RNF38
chr9	36487064	36488147	Module_37438	MELK
chr13	36704700	36705739	Module_9761	SOHLH2
chr13	36704700	36705739	Module_9761	SPG20
chr6	37189623	37190697	Module_31836	TBC1D22B
chr6	37189623	37190697	Module_31836	PIM1
chr6	37189623	37190697	Module_31836	RNF8
chr6	37189623	37190697	Module_31836	CMTR1
chr6	37533274	37534412	Module_31852	CMTR1
chr2	37432202	37433618	Module_19897	CEBPZ
chr2	37551323	37552392	Module_19902	CEBPZ
chr2	37432202	37433618	Module_19897	NDUFAF7
chr2	37551323	37552392	Module_19902	NDUFAF7
chr2	37551323	37552392	Module_19902	PRKD3
chr6	37533274	37534412	Module_31852	CCDC167
chr9	37574217	37574992	Module_37462	TOMM5
chr9	37574217	37574992	Module_37462	FBXO10
chr22	37594988	37595892	Module_24501	C1QTNF6
chr17	37851505	37852910	Module_15255	PGAP3
chr17	37851505	37852910	Module_15255	ERBB2
chr17	37851505	37852910	Module_15255	MIEN1
chr1	38129201	38129709	Module_1152	CDCA8
chr1	38129201	38129709	Module_1152	RSPO1
chr1	38129201	38129709	Module_1152	C1orf109
chr22	38213634	38215239	Module_24536	GCAT
chr22	38213634	38215239	Module_24536	H1F0
chr21	38338352	38339518	Module_23642	HLCS
chr22	38363891	38364610	Module_24548	C22orf23
chr22	38375617	38376528	Module_24551	C22orf23
chr22	38363891	38364610	Module_24548	POLR2F
chr22	38375617	38376528	Module_24551	POLR2F
chr22	38363891	38364610	Module_24548	SOX10
chr22	38375617	38376528	Module_24551	SOX10
chr22	38479984	38480622	Module_24561	PICK1
chr1	38507490	38508002	Module_1175	FHL3
chr1	38507490	38508002	Module_1175	POU3F1
chr15	38543247	38544536	Module_11738	SPRED1
chr22	38721414	38722255	Module_24589	CSNK1E
chr8	38794291	38795577	Module_36015	ADAM9
chr8	38794291	38795577	Module_36015	TM2D2
chr8	38794291	38795577	Module_36015	TACC1
chr4	39046032	39047048	Module_27921	KLHL5
chr4	39046032	39047048	Module_27921	FAM114A1
chr4	39046032	39047048	Module_27921	WDR19
chr4	39046032	39047048	Module_27921	RFC1
chr19	39521626	39522618	Module_18581	FBXO27
chr19	39521626	39522618	Module_18581	FBXO17
chr4	39559820	39560377	Module_27931	LIAS
chr4	39559820	39560377	Module_27931	UGDH-AS1
chr4	39559820	39560377	Module_27931	RPL9
chr1	39570631	39571859	Module_1196	NDUFS5
chr20	39803375	39803968	Module_22887	PLCG1
chr22	39849608	39850157	Module_24670	MGAT3
chr20	40321194	40322564	Module_22899	CHD6
chr15	40346785	40347514	Module_11758	SRP14-AS1
chr15	40373749	40374397	Module_11761	SRP14-AS1
chr15	40346785	40347514	Module_11758	SRP14
chr15	40373749	40374397	Module_11761	SRP14
chr15	40373749	40374397	Module_11761	BMF
chr15	40373749	40374397	Module_11761	BUB1B
chr17	40671504	40672476	Module_15396	NAGLU
chr17	40829943	40830646	Module_15407	PLEKHH3
chr17	40829943	40830646	Module_15407	CNTNAP1
chr17	40829943	40830646	Module_15407	TUBG2
chr17	40829943	40830646	Module_15407	EZH1
chr17	40829943	40830646	Module_15407	TUBG1
chr17	40829943	40830646	Module_15407	FAM134C
chr19	40926710	40927488	Module_18630	PRX
chr19	40926710	40927488	Module_18630	BLVRB
chr19	40926710	40927488	Module_18630	SERTAD3
chr19	40926710	40927488	Module_18630	SERTAD1
chr19	40926710	40927488	Module_18630	PLD3
chr19	40926710	40927488	Module_18630	C19orf47
chr19	41119027	41119856	Module_18647	SHKBP1
chr19	41119027	41119856	Module_18647	LTBP4
chr8	41178574	41179475	Module_36059	SFRP1
chr13	41254629	41255377	Module_9813	SLC25A15
chr13	41254629	41255377	Module_9813	MRPS31
chr13	41254629	41255377	Module_9813	FOXO1
chr22	41418058	41418969	Module_24725	EP300
chr22	41487193	41487892	Module_24726	EP300
chr22	41418058	41418969	Module_24725	RBX1
chr22	41487193	41487892	Module_24726	RBX1
chr22	41487193	41487892	Module_24726	L3MBTL2
chr22	41633495	41634816	Module_24730	L3MBTL2
chr6	41611948	41612643	Module_31904	MDFI
chr22	41633495	41634816	Module_24730	RANGAP1
chr22	41633495	41634816	Module_24730	ZC3H7B
chr22	41809336	41810236	Module_24735	PHF5A
chr22	41809336	41810236	Module_24735	TOB2
chr22	41809336	41810236	Module_24735	TEF
chr15	41853742	41854556	Module_11836	RPAP1
chr15	41853742	41854556	Module_11836	TYRO3
chr15	41913268	41914297	Module_11841	MGA
chr6	42104206	42105434	Module_31936	C6orf132
chr6	42104206	42105434	Module_31936	GUCA1A
chr7	42253459	42254017	Module_33971	GLI3
chr2	42259176	42259771	Module_19958	PKDCC
chr2	42286571	42287757	Module_19964	PKDCC
chr17	42276397	42277525	Module_15462	ASB16-AS1
chr17	42276397	42277525	Module_15462	ATXN7L3
chr17	42276397	42277525	Module_15462	TMUB2
chr17	42276397	42277525	Module_15462	UBTF
chr17	42276397	42277525	Module_15462	C17orf53
chr18	42324092	42324592	Module_16908	SETBP1
chr13	42614153	42616243	Module_9825	AKAP11
chr13	42614153	42616243	Module_9825	VWA8
chr13	42622577	42623726	Module_9827	VWA8
chr13	42614153	42616243	Module_9825	DGKH
chr13	42622577	42623726	Module_9827	DGKH
chr17	42626543	42627369	Module_15492	FZD2
chr19	42757724	42758574	Module_18720	DEDD2
chr19	42757724	42758574	Module_18720	PAFAH1B3
chr19	42757724	42758574	Module_18720	ERF
chr19	42757724	42758574	Module_18720	CIC
chr19	42757724	42758574	Module_18720	ZNF526
chr19	42757724	42758574	Module_18720	GSK3A
chr19	42757724	42758574	Module_18720	MEGF8
chr19	42757724	42758574	Module_18720	PRR19
chr22	43045018	43045869	Module_24802	A4GALT
chr22	43138965	43139961	Module_24810	A4GALT
chr22	43045018	43045869	Module_24802	SERHL2
chr22	43045018	43045869	Module_24802	CYB5R3
chr22	43045018	43045869	Module_24802	POLDIP3
chr17	43225190	43226179	Module_15530	ACBD4
chr17	43238641	43239379	Module_15533	ACBD4
chr17	43225190	43226179	Module_15530	HEXIM2
chr17	43238641	43239379	Module_15533	HEXIM2
chr17	43225190	43226179	Module_15530	PLCD3
chr17	43238641	43239379	Module_15533	PLCD3
chr6	43394903	43395813	Module_31997	ABCC10
chr6	43436643	43437440	Module_32000	ABCC10
chr6	43394903	43395813	Module_31997	ZNF318
chr6	43394903	43395813	Module_31997	TJAP1
chr6	43436643	43437440	Module_32000	TJAP1
chr22	43410366	43411502	Module_24824	BIK
chr22	43410366	43411502	Module_24824	PACSIN2
chr22	43410366	43411502	Module_24824	TTLL1
chr10	43891274	43892917	Module_4190	RASGEF1A
chr10	43891274	43892917	Module_4190	ZNF485
chr10	43891274	43892917	Module_4190	ZNF239
chr10	43891274	43892917	Module_4190	HNRNPF
chr10	43891274	43892917	Module_4190	ZNF32
chr1	44495499	44496703	Module_1306	ATP6V0B
chr1	44495499	44496703	Module_1306	DPH2
chr1	44495499	44496703	Module_1306	B4GALT2
chr1	44495499	44496703	Module_1306	CCDC24
chr1	44495499	44496703	Module_1306	SLC6A9
chr1	44495499	44496703	Module_1306	IPO13
chr18	44634602	44635129	Module_16926	IER3IP1
chr18	44733264	44733764	Module_16932	IER3IP1
chr18	44634602	44635129	Module_16926	KATNAL2
chr18	44634602	44635129	Module_16926	HDHD2
chr18	44733264	44733764	Module_16932	HDHD2
chr11	44782622	44783596	Module_6125	TSPAN18
chr10	44866064	44866724	Module_4208	CXCL12
chr1	44871714	44873868	Module_1319	RNF220
chr1	44882841	44883903	Module_1321	RNF220
chr1	44882841	44883903	Module_1321	ERI3
chr11	44984405	44985233	Module_6147	TP53I11
chr11	44986027	44986597	Module_6148	TP53I11
chr1	45097204	45098360	Module_1323	TMEM53
chr1	45097204	45098360	Module_1323	KIF2C
chr1	45285185	45286297	Module_1338	KIF2C
chr13	45151689	45152377	Module_9871	SERP2
chr13	45151689	45152377	Module_9871	TSC22D1
chr13	45151689	45152377	Module_9871	NUFIP1
chr1	45285185	45286297	Module_1338	RPS8
chr22	45663730	45665577	Module_24918	FAM118A
chr22	45663730	45665577	Module_24918	KIAA0930
chr17	45770994	45772115	Module_15568	TBKBP1
chr17	45770994	45772115	Module_15568	OSBPL7
chr17	45770994	45772115	Module_15568	KPNB1
chr17	45770994	45772115	Module_15568	NPEPPS
chr22	45899732	45901300	Module_24924	FBLN1
chr11	45943777	45944721	Module_6177	MAPK8IP1
chr11	45943777	45944721	Module_6177	PEX16
chr11	45943777	45944721	Module_6177	CRY2
chr20	45947826	45948756	Module_23031	ZMYND8
chr19	46011547	46012936	Module_18822	VASP
chr19	46011547	46012936	Module_18822	RTN2
chr19	46011547	46012936	Module_18822	PPM1N
chr17	46064734	46065499	Module_15587	CDK5RAP3
chr17	46072492	46073079	Module_15589	CDK5RAP3
chr17	46072492	46073079	Module_15589	NFE2L1
chr17	46132820	46133543	Module_15597	NFE2L1
chr19	46118894	46119883	Module_18829	OPA3
chr19	46118894	46119883	Module_18829	EML2
chr1	46663778	46664505	Module_1366	RAD54L
chr1	46663778	46664505	Module_1366	POMGNT1
chr1	46663778	46664505	Module_1366	PIK3R3
chr6	46716770	46717940	Module_32076	PLA2G7
chr21	46823888	46826021	Module_23893	COL18A1
chr22	46896048	46896579	Module_24945	CELSR1
chr22	46906059	46906594	Module_24948	CELSR1
chr22	46896048	46896579	Module_24945	GRAMD4
chr1	46953592	46954092	Module_1383	DMBX1
chr11	46998717	46999259	Module_6224	C11orf49
chr18	47026709	47027370	Module_16959	RPL17
chr18	47047062	47048298	Module_16961	RPL17
chr18	47026709	47027370	Module_16959	RPL17-C18orf32
chr18	47047062	47048298	Module_16961	RPL17-C18orf32
chr18	47026709	47027370	Module_16959	C18orf32
chr18	47047062	47048298	Module_16961	C18orf32
chr18	47026709	47027370	Module_16959	DYM
chr18	47047062	47048298	Module_16961	DYM
chr18	47026709	47027370	Module_16959	LIPG
chr18	47047062	47048298	Module_16961	LIPG
chr1	47034702	47035515	Module_1393	MKNK1
chr17	47073331	47074204	Module_15612	SNF8
chr17	47090690	47091394	Module_15614	SNF8
chr17	47073331	47074204	Module_15612	ATP5G1
chr17	47090690	47091394	Module_15614	ATP5G1
chr17	47073331	47074204	Module_15612	IGF2BP1
chr17	47090690	47091394	Module_15614	IGF2BP1
chr17	47073331	47074204	Module_15612	UBE2Z
chr17	47090690	47091394	Module_15614	UBE2Z
chr11	47152120	47152663	Module_6226	PACSIN3
chr19	47289461	47291192	Module_18893	SLC1A5
chr19	47363194	47364644	Module_18897	SLC1A5
chr19	47289461	47291192	Module_18893	FKRP
chr19	47289461	47291192	Module_18893	STRN4
chr19	47363194	47364644	Module_18897	AP2S1
chr19	47363194	47364644	Module_18897	ARHGAP35
chr20	47442378	47443282	Module_23057	PREX1
chr11	47574408	47575161	Module_6248	CELF1
chr11	47574408	47575161	Module_6248	MTCH2
chr11	47574408	47575161	Module_6248	NDUFS3
chr11	47574408	47575161	Module_6248	KBTBD4
chr11	47574408	47575161	Module_6248	C1QTNF4
chr19	47730706	47731958	Module_18915	SAE1
chr19	47729236	47729994	Module_18914	BBC3
chr19	47730706	47731958	Module_18915	BBC3
chr19	47733570	47734805	Module_18916	BBC3
chr11	48039970	48040488	Module_6257	PTPRJ
chr18	48274796	48275296	Module_16994	MAPK4
chr18	48274796	48275296	Module_16994	ME2
chr17	48297338	48297838	Module_15672	COL1A1
chr17	48341442	48342357	Module_15675	TMEM92
chr12	48394535	48395715	Module_8210	COL2A1
chr12	48416568	48417674	Module_8213	COL2A1
chr12	48394535	48395715	Module_8210	TMEM106C
chr3	48514375	48515062	Module_25640	SHISA5
chr3	48514375	48515062	Module_25640	PLXNB1
chr3	48514375	48515062	Module_25640	TMA7
chr3	48514375	48515062	Module_25640	CCDC51
chr3	48514375	48515062	Module_25640	ATRIP
chr20	48782293	48782973	Module_23111	TMEM189
chr2	48787508	48788351	Module_20074	STON1
chr19	48824548	48825353	Module_18975	TMEM143
chr19	48824548	48825353	Module_18975	EMP3
chr19	48824548	48825353	Module_18975	CARD8
chr19	48824548	48825353	Module_18975	ZNF114
chr19	48824548	48825353	Module_18975	KDELR1
chr19	48903082	48904112	Module_18983	KDELR1
chr19	48995950	48997262	Module_18990	GRWD1
chr19	48995950	48997262	Module_18990	LMTK3
chr19	48995950	48997262	Module_18990	CYTH2
chr12	49208127	49209622	Module_8228	CACNB3
chr12	49277037	49277811	Module_8232	CACNB3
chr12	49208127	49209622	Module_8228	DDX23
chr12	49277037	49277811	Module_8232	DDX23
chr12	49208127	49209622	Module_8228	ADCY6
chr12	49277037	49277811	Module_8232	ADCY6
chr12	49208127	49209622	Module_8228	RND1
chr12	49277037	49277811	Module_8232	RND1
chr3	49210845	49211555	Module_25669	KLHDC8B
chr3	49210845	49211555	Module_25669	CCDC71
chr3	49210845	49211555	Module_25669	LAMB2
chr19	49255729	49256443	Module_19020	FUT1
chr19	49255729	49256443	Module_19020	RASIP1
chr12	49277037	49277811	Module_8232	FKBP11
chr12	49277037	49277811	Module_8232	ARF3
chr12	49453845	49454900	Module_8248	RHEBL1
chr12	49453845	49454900	Module_8248	PRKAG1
chr12	49453845	49454900	Module_8248	LMBR1L
chr12	49453845	49454900	Module_8248	TUBA1A
chr12	49658345	49659120	Module_8261	TUBA1A
chr12	49658345	49659120	Module_8261	TUBA1C
chr12	49453845	49454900	Module_8248	KMT2D
chr12	49453845	49454900	Module_8248	TUBA1B
chr20	49486999	49487863	Module_23143	MOCS3
chr20	49486999	49487863	Module_23143	KCNG1
chr20	49486999	49487863	Module_23143	ADNP
chr20	49486999	49487863	Module_23143	BCAS4
chr20	49486999	49487863	Module_23143	DPM1
chr19	49651878	49653145	Module_19053	TRPM4
chr19	49653271	49654020	Module_19054	TRPM4
chr19	49651878	49653145	Module_19053	PPFIA3
chr19	49653271	49654020	Module_19054	PPFIA3
chr19	49651878	49653145	Module_19053	LIN7B
chr19	49653271	49654020	Module_19054	LIN7B
chr12	49658345	49659120	Module_8261	TROAP
chr10	49731317	49732617	Module_4281	ARHGAP22
chr19	49945631	49947235	Module_19067	ALDH16A1
chr19	49945631	49947235	Module_19067	RPL13A
chr19	49945631	49947235	Module_19067	PIH1D1
chr19	49945631	49947235	Module_19067	RPS11
chr12	49972321	49972858	Module_8273	MCRS1
chr14	50100213	50101401	Module_10620	RPS29
chr14	50100213	50101401	Module_10620	DNAAF2
chr14	50100213	50101401	Module_10620	MGAT2
chr14	50100213	50101401	Module_10620	LRR1
chr14	50100213	50101401	Module_10620	RPL36AL
chr14	50100213	50101401	Module_10620	POLE2
chr12	50276092	50277115	Module_8291	BCDIN3D
chr3	50552922	50554229	Module_25725	CACNA2D2
chr3	50358723	50359332	Module_25719	CYB561D2
chr3	50358723	50359332	Module_25719	NPRL2
chr3	50358723	50359332	Module_25719	TMEM115
chr3	50552922	50554229	Module_25725	C3orf18
chr3	50552922	50554229	Module_25725	HEMK1
chr3	50662854	50663451	Module_25733	MAPKAPK3
chr19	50718066	50718801	Module_19109	MYH14
chr19	50718066	50718801	Module_19109	IZUMO2
chr20	50721032	50723109	Module_23163	ZFP64
chr16	51186022	51186615	Module_13664	SALL1
chr16	51188368	51190273	Module_13665	SALL1
chr7	51323829	51324329	Module_34123	COBL
chr7	51394251	51395401	Module_34129	COBL
chr12	51714491	51715008	Module_8314	SMAGP
chr13	51885962	51886616	Module_9966	FAM124A
chr13	51885962	51886616	Module_9966	LINC00371
chr19	51842074	51843625	Module_19163	ETFB
chr19	51857329	51858450	Module_19164	ETFB
chr19	51842074	51843625	Module_19163	IGLON5
chr19	51857329	51858450	Module_19164	IGLON5
chr19	51842074	51843625	Module_19163	VSIG10L
chr19	51857329	51858450	Module_19164	VSIG10L
chr19	51842074	51843625	Module_19163	LIM2
chr19	51857329	51858450	Module_19164	LIM2
chr13	51885962	51886616	Module_9966	WDFY2
chr5	52095104	52096240	Module_29576	ITGA2
chr5	52095104	52096240	Module_29576	PELO
chr1	52195133	52195837	Module_1441	OSBPL9
chr12	52222631	52223355	Module_8323	FIGNL2
chr12	52229851	52230663	Module_8324	FIGNL2
chr12	52232950	52233621	Module_8326	FIGNL2
chr12	52256966	52258332	Module_8332	FIGNL2
chr12	52256966	52258332	Module_8332	ACVR1B
chr3	52345376	52345990	Module_25775	GLYCTK
chr3	52345376	52345990	Module_25775	WDR82
chr12	52423448	52424036	Module_8341	NR4A1
chr12	52423448	52424036	Module_8341	GRASP
chr6	52929540	52930663	Module_32118	ICK
chr6	52929540	52930663	Module_32118	FBXO9
chr6	52929540	52930663	Module_32118	GSTA4
chr1	53128351	53129154	Module_1464	ZYG11B
chr1	53144590	53145430	Module_1466	ZYG11B
chr10	53324669	53325199	Module_4319	CSTF2T
chr10	53366484	53367069	Module_4320	CSTF2T
chr13	53425459	53426165	Module_9993	HNRNPA1L2
chr12	53440126	53441870	Module_8371	SPRYD3
chr12	53440126	53441870	Module_8371	EIF4B
chr12	53614456	53615768	Module_8387	ESPL1
chr12	53635340	53636059	Module_8391	ESPL1
chr12	53614456	53615768	Module_8387	CSAD
chr12	53614456	53615768	Module_8387	MFSD5
chr12	53635340	53636059	Module_8391	MFSD5
chr12	53614456	53615768	Module_8387	RARG
chr12	53635340	53636059	Module_8391	RARG
chr12	53614456	53615768	Module_8387	ZNF740
chr1	53753986	53754607	Module_1479	C1orf123
chr1	53753986	53754607	Module_1479	LRP8
chr1	53791726	53792918	Module_1484	LRP8
chr1	53827972	53828472	Module_1486	LRP8
chr1	53753986	53754607	Module_1479	CPT2
chr1	53753986	53754607	Module_1479	MAGOH
chr1	53791726	53792918	Module_1484	MAGOH
chr12	53886570	53887661	Module_8399	PCBP2
chr12	53886570	53887661	Module_8399	PRR13
chr12	53886570	53887661	Module_8399	TARBP2
chr12	53886570	53887661	Module_8399	MAP3K12
chr19	54371810	54373038	Module_19223	CACNG7
chr19	54371810	54373038	Module_19223	MYADM
chr12	54558022	54558606	Module_8415	SMUG1
chr12	54652982	54653660	Module_8424	SMUG1
chr12	54652982	54653660	Module_8424	CBX5
chr12	54652982	54653660	Module_8424	COPZ1
chr12	54749007	54749593	Module_8432	COPZ1
chr12	54652982	54653660	Module_8424	HNRNPA1
chr12	54652982	54653660	Module_8424	HNRNPA1P10
chr12	54652982	54653660	Module_8424	NFE2
chr2	54784965	54785733	Module_20091	SPTBN1
chr12	54825514	54826295	Module_8447	ITGA5
chr1	55007727	55008517	Module_1516	TTC4
chr14	55031809	55033737	Module_10702	GMFB
chr14	55031809	55033737	Module_10702	CGRRF1
chr17	55335243	55336196	Module_15744	MSI2
chr7	55433726	55434594	Module_34147	LANCL2
chr7	55433726	55434594	Module_34147	VOPP1
chr15	55581308	55583093	Module_11992	RSL24D1
chr15	55581308	55583093	Module_11992	PIGB
chr19	55597437	55598955	Module_19277	PPP1R12C
chr19	55657506	55658754	Module_19284	PPP1R12C
chr19	55657506	55658754	Module_19284	TNNI3
chr19	55657506	55658754	Module_19284	TNNT1
chr19	55657506	55658754	Module_19284	DNAAF3
chr20	55773263	55774193	Module_23202	BMP7
chr20	55786817	55788023	Module_23203	BMP7
chr17	55993554	55994054	Module_15765	CUEDC1
chr17	55993554	55994054	Module_15765	MRPS23
chr19	56116241	56117095	Module_19340	FIZ1
chr19	56116241	56117095	Module_19340	ZNF579
chr19	56116241	56117095	Module_19340	ZNF784
chr19	56165954	56167067	Module_19347	ZNF784
chr19	56116241	56117095	Module_19340	ZNF581
chr19	56165954	56167067	Module_19347	ZNF581
chr19	56116241	56117095	Module_19340	ZNF524
chr19	56116241	56117095	Module_19340	EPN1
chr19	56165954	56167067	Module_19347	EPN1
chr19	56165954	56167067	Module_19347	U2AF2
chr19	56165954	56167067	Module_19347	CCDC106
chr12	56139206	56139952	Module_8469	ORMDL2
chr12	56139206	56139952	Module_8469	CD63
chr12	56139206	56139952	Module_8469	BLOC1S1
chr12	56139206	56139952	Module_8469	ITGA7
chr12	56139206	56139952	Module_8469	SARNP
chr12	56139206	56139952	Module_8469	GDF11
chr12	56401121	56401820	Module_8476	RPS26
chr12	56401121	56401820	Module_8476	SUOX
chr12	56401121	56401820	Module_8476	CDK2
chr12	56401121	56401820	Module_8476	PMEL
chr12	56401121	56401820	Module_8476	RAB5B
chr12	56401121	56401820	Module_8476	ERBB3
chr18	56530522	56532243	Module_17086	ZNF532
chr4	56914828	56915847	Module_28109	CEP135
chr4	56914828	56915847	Module_28109	EXOC1
chr4	56914828	56915847	Module_28109	KIAA1211
chr3	57193220	57193804	Module_25867	IL17RD
chr11	57281409	57282665	Module_6280	TIMM10
chr11	57405238	57405986	Module_6289	TIMM10
chr11	57405238	57405986	Module_6289	UBE2L6
chr11	57405238	57405986	Module_6289	SERPING1
chr11	57405238	57405986	Module_6289	TMX2
chr11	57405238	57405986	Module_6289	ZDHHC5
chr11	57405238	57405986	Module_6289	MED19
chr11	57405238	57405986	Module_6289	CLP1
chr11	57405238	57405986	Module_6289	CTNND1
chr12	57479947	57482085	Module_8515	TAC3
chr12	57479947	57482085	Module_8515	STAT6
chr12	57479947	57482085	Module_8515	ZBTB39
chr12	57479947	57482085	Module_8515	NAB2
chr15	57598388	57599268	Module_12029	CGNL1
chr3	57741484	57742722	Module_25879	SLMAP
chr3	57741484	57742722	Module_25879	DENND6A
chr14	57757387	57757887	Module_10740	AP5M1
chr14	57757387	57757887	Module_10740	EXOC5
chr12	57854658	57856860	Module_8543	GLI1
chr12	57854658	57856860	Module_8543	MARS
chr12	57854658	57856860	Module_8543	DDIT3
chr12	57854658	57856860	Module_8543	R3HDM2
chr12	57854658	57856860	Module_8543	DCTN2
chr16	58060550	58062142	Module_13785	MMP15
chr16	58060550	58062142	Module_13785	USB1
chr16	58060550	58062142	Module_13785	ZNF319
chr17	58222807	58223324	Module_15830	HEATR6
chr17	58222807	58223324	Module_15830	CA4
chr16	58453337	58453944	Module_13804	GINS3
chr3	58482050	58483395	Module_25921	KCTD6
chr3	58566800	58567519	Module_25927	KCTD6
chr16	58529567	58530067	Module_13810	SETD6
chr16	58529567	58530067	Module_13810	NDRG4
chr19	58665996	58666743	Module_19398	ZNF274
chr19	58665996	58666743	Module_19398	ZNF544
chr19	58665996	58666743	Module_19398	ZNF329
chr19	58665996	58666743	Module_19398	ZSCAN18
chr19	58665996	58666743	Module_19398	ZNF135
chr18	59563860	59564360	Module_17113	RNF152
chr18	59619536	59620047	Module_17115	RNF152
chr15	59646130	59647268	Module_12055	MYO1E
chr15	60290454	60291521	Module_12063	FOXB1
chr17	60730299	60731803	Module_15862	MRC2
chr17	60730299	60731803	Module_15862	TLK2
chr17	60730299	60731803	Module_15862	MARCH10
chr13	60732366	60732920	Module_10015	DIAPH3
chr20	60811612	60812220	Module_23308	OSBPL2
chr20	60811612	60812220	Module_23308	HRH3
chr20	60811612	60812220	Module_23308	MTG2
chr15	60884375	60885219	Module_12076	RORA
chr15	60884375	60885219	Module_12076	ANXA2
chr20	60942993	60944428	Module_23317	CABLES2
chr20	60942993	60944428	Module_23317	ADRM1
chr20	60942993	60944428	Module_23317	LAMA5
chr20	60942993	60944428	Module_23317	RPS21
chr13	60971150	60972094	Module_10021	TDRD3
chr14	61187803	61190088	Module_10777	SIX4
chr14	61187803	61190088	Module_10777	MNAT1
chr8	61564187	61564846	Module_36221	CHD7
chr8	61564187	61564846	Module_36221	RAB2A
chr11	61582426	61583220	Module_6368	TMEM258
chr11	61582426	61583220	Module_6368	FEN1
chr11	61582426	61583220	Module_6368	FADS1
chr11	61582426	61583220	Module_6368	FADS2
chr11	61582426	61583220	Module_6368	FADS3
chr20	62371868	62372743	Module_23437	ARFRP1
chr20	62272692	62274530	Module_23428	RTEL1
chr20	62371868	62372743	Module_23437	ZGPAT
chr20	62371868	62372743	Module_23437	ZBTB46
chr20	62485485	62487830	Module_23451	ZBTB46
chr20	62272692	62274530	Module_23428	STMN3
chr20	62272692	62274530	Module_23428	GMEB2
chr11	62312404	62313736	Module_6390	EEF1G
chr11	62312404	62313736	Module_6390	AHNAK
chr11	62312404	62313736	Module_6390	TUT1
chr20	62371868	62372743	Module_23437	LIME1
chr20	62371868	62372743	Module_23437	SLC2A4RG
chr11	62476670	62477395	Module_6401	TTC9C
chr11	62476670	62477395	Module_6401	BSCL2
chr11	62476670	62477395	Module_6401	ZBTB3
chr11	62476670	62477395	Module_6401	METTL12
chr11	62476670	62477395	Module_6401	UBXN1
chr11	62476670	62477395	Module_6401	POLR2G
chr11	62476670	62477395	Module_6401	TAF6L
chr20	62485485	62487830	Module_23451	TPD52L2
chr20	62485485	62487830	Module_23451	DNAJC5
chr20	62485485	62487830	Module_23451	ABHD16B
chr3	62859439	62860185	Module_25950	LINC00698
chr3	62859439	62860185	Module_25950	CADPS
chr2	63235028	63235528	Module_20165	LOC100132215
chr11	63530019	63532152	Module_6419	C11orf84
chr11	63530019	63532152	Module_6419	C11orf95
chr11	63530019	63532152	Module_6419	MARK2
chr11	63685077	63685872	Module_6430	MARK2
chr11	63686448	63687247	Module_6431	MARK2
chr11	63530019	63532152	Module_6419	RTN3
chr17	63542076	63542947	Module_15927	AXIN2
chr17	63568764	63569484	Module_15932	AXIN2
chr17	63542076	63542947	Module_15927	CEP112
chr11	63685077	63685872	Module_6430	COX8A
chr11	63686448	63687247	Module_6431	COX8A
chr11	63685077	63685872	Module_6430	RCOR2
chr11	63686448	63687247	Module_6431	RCOR2
chr11	63685077	63685872	Module_6430	NAA40
chr11	63686448	63687247	Module_6431	NAA40
chr11	63685077	63685872	Module_6430	OTUB1
chr11	63686448	63687247	Module_6431	OTUB1
chr3	63897302	63899165	Module_25968	ATXN7
chr3	63897302	63899165	Module_25968	PSMD6
chr3	63897302	63899165	Module_25968	THOC7
chr5	64001629	64002511	Module_29686	FAM159B
chr11	64036979	64038320	Module_6451	VEGFB
chr11	64036979	64038320	Module_6451	FKBP2
chr11	64036979	64038320	Module_6451	BAD
chr11	64036979	64038320	Module_6451	GPR137
chr11	64036979	64038320	Module_6451	PLCB3
chr11	64036979	64038320	Module_6451	PPP1R14B
chr11	64036979	64038320	Module_6451	ESRRA
chr2	64067630	64068298	Module_20182	WDPCP
chr2	64067630	64068298	Module_20182	VPS54
chr2	64067630	64068298	Module_20182	MDH1
chr2	64067630	64068298	Module_20182	UGP2
chr2	64067630	64068298	Module_20182	PELI1
chr15	64171177	64171713	Module_12118	HERC1
chr1	64240504	64242014	Module_1597	ROR1
chr1	64240504	64242014	Module_1597	PGM1
chr6	64345364	64346235	Module_32196	PHF3
chr11	64512149	64513840	Module_6473	PYGM
chr11	64530008	64531600	Module_6474	PYGM
chr11	64530008	64531600	Module_6474	SF1
chr3	64624552	64625052	Module_25988	ADAMTS9
chr14	64804952	64805774	Module_10801	AKAP5
chr14	64970136	64970774	Module_10805	AKAP5
chr14	64804952	64805774	Module_10801	MTHFD1
chr14	64970136	64970774	Module_10805	MTHFD1
chr2	64844562	64845082	Module_20200	AFTPH
chr2	64844562	64845082	Module_20200	SERTAD2
chr2	64854292	64854800	Module_20202	SERTAD2
chr14	64970136	64970774	Module_10805	ZBTB1
chr14	64970136	64970774	Module_10805	HSPA2
chr14	64970136	64970774	Module_10805	ZBTB25
chr15	65099506	65100380	Module_12144	RBPMS2
chr15	65099506	65100380	Module_12144	PIF1
chr15	65099506	65100380	Module_12144	PLEKHO2
chr5	65220673	65221794	Module_29697	SGTB
chr5	65220673	65221794	Module_29697	NLN
chr5	65220673	65221794	Module_29697	TRIM23
chr5	65220673	65221794	Module_29697	SREK1
chr5	65220673	65221794	Module_29697	CENPK
chr5	65220673	65221794	Module_29697	PPWD1
chr11	65244660	65245447	Module_6519	MALAT1
chr11	65254989	65256287	Module_6520	MALAT1
chr11	65244660	65245447	Module_6519	SCYL1
chr11	65244660	65245447	Module_6519	NEAT1
chr1	65532052	65534020	Module_1626	AK4
chr1	65532052	65534020	Module_1626	JAK1
chr1	65532052	65534020	Module_1626	DNAJC6
chr1	65744501	65745286	Module_1637	DNAJC6
chr15	65595808	65598064	Module_12173	PARP16
chr15	65647253	65648577	Module_12175	PARP16
chr15	65647253	65648577	Module_12175	IGDCC3
chr15	65647253	65648577	Module_12175	IGDCC4
chr11	66079317	66080880	Module_6575	RIN1
chr11	66079317	66080880	Module_6575	CNIH2
chr11	66079317	66080880	Module_6575	YIF1A
chr11	66079317	66080880	Module_6575	BRMS1
chr11	66079317	66080880	Module_6575	RAB1B
chr11	66079317	66080880	Module_6575	SLC29A2
chr11	66623531	66624335	Module_6604	RCE1
chr11	66623531	66624335	Module_6604	LRFN4
chr8	66752943	66754869	Module_36267	ARMC1
chr8	66752943	66754869	Module_36267	MTFR1
chr8	66752943	66754869	Module_36267	PDE7A
chr16	67279861	67280893	Module_13863	TMEM208
chr16	67279861	67280893	Module_13863	E2F4
chr16	67279861	67280893	Module_13863	FHOD1
chr16	67279861	67280893	Module_13863	PLEKHG4
chr15	67322172	67323507	Module_12219	SMAD3
chr12	67462506	67463788	Module_8632	GRIP1
chr12	67462506	67463788	Module_8632	CAND1
chr5	67511104	67512637	Module_29712	PIK3R1
chr16	67571073	67572927	Module_13878	ATP6V0D1
chr16	67571073	67572927	Module_13878	CTCF
chr12	68639159	68639659	Module_8636	MDM1
chr16	68679456	68680316	Module_13917	CDH3
chr1	68759175	68760157	Module_1675	WLS
chr15	69109621	69111821	Module_12257	ANP32A
chr16	69597740	69598368	Module_13946	NFAT5
chr10	69621425	69622419	Module_4406	SIRT1
chr14	70040332	70041014	Module_10888	CCDC177
chr14	70059808	70060315	Module_10891	CCDC177
chr14	70040332	70041014	Module_10888	ERH
chr14	70179342	70180489	Module_10898	SRSF5
chr8	70283263	70283763	Module_36296	SULF1
chr14	70348841	70349362	Module_10905	SMOC1
chr15	70391246	70392265	Module_12288	TLE3
chr16	70414014	70415768	Module_13960	FUK
chr16	70414014	70415768	Module_13960	DDX19A
chr16	70414014	70415768	Module_13960	AARS
chr16	70414014	70415768	Module_13960	EXOSC6
chr16	70414014	70415768	Module_13960	DDX19B
chr16	70414014	70415768	Module_13960	SF3B3
chr16	70414014	70415768	Module_13960	PDPR
chr16	70414014	70415768	Module_13960	ST3GAL2
chr16	70414014	70415768	Module_13960	COG4
chr10	71077794	71079162	Module_4437	HK1
chr10	71077794	71079162	Module_4437	TSPAN15
chr10	71077794	71079162	Module_4437	SUPV3L1
chr8	71314138	71314985	Module_36312	TRAM1
chr8	71314138	71314985	Module_36312	NCOA2
chr5	71474794	71475294	Module_29743	MAP1B
chr9	73033070	73034347	Module_37576	CBWD6
chr9	73034719	73035970	Module_37578	CBWD6
chr9	74061321	74062443	Module_37597	CBWD6
chr9	73033070	73034347	Module_37576	PGM5P2
chr9	73034719	73035970	Module_37578	PGM5P2
chr9	74061321	74062443	Module_37597	PGM5P2
chr4	71570207	71571456	Module_28155	RUFY3
chr4	71570207	71571456	Module_28155	GRSF1
chr17	71609250	71610193	Module_16033	SDK2
chr11	71751715	71753331	Module_6777	LAMTOR1
chr11	71751715	71753331	Module_6777	NUMA1
chr11	71751715	71753331	Module_6777	ANAPC15
chr11	71751715	71753331	Module_6777	LRTOMT
chr11	71751715	71753331	Module_6777	ALG1L9P
chr11	71751715	71753331	Module_6777	LOC100133315
chr16	71756854	71757986	Module_14014	AP1G1
chr16	71756854	71757986	Module_14014	PHLPP2
chr16	71756854	71757986	Module_14014	MARVELD3
chr16	71756854	71757986	Module_14014	ATXN1L
chr14	71786754	71787986	Module_10937	SIPA1L1
chr11	71934094	71935278	Module_6780	INPPL1
chr18	71948360	71949006	Module_17175	CYB5A
chr10	72096771	72097347	Module_4474	LRRC20
chr11	72414217	72414717	Module_6804	ARAP1
chr17	72755850	72756736	Module_16081	RAB37
chr17	72755850	72756736	Module_16081	SLC9A3R1
chr17	72755850	72756736	Module_16081	NAT9
chr17	72755850	72756736	Module_16081	TMEM104
chr17	73029618	73031549	Module_16097	CDR2L
chr17	73029618	73031549	Module_16097	SLC16A5
chr17	73029618	73031549	Module_16097	KCTD2
chr17	73029618	73031549	Module_16097	ATP5H
chr17	73029618	73031549	Module_16097	ARMC7
chr9	73033070	73034347	Module_37576	TRPM3
chr9	73033070	73034347	Module_37576	SMC5
chr9	73034719	73035970	Module_37578	SMC5
chr2	73297882	73299143	Module_20329	SFXN5
chr2	73510811	73512124	Module_20343	SMYD5
chr2	73297882	73299143	Module_20329	RAB11FIP5
chr2	73499320	73499879	Module_20342	PRADC1
chr2	73510811	73512124	Module_20343	PRADC1
chr2	73499320	73499879	Module_20342	CCT7
chr2	73510811	73512124	Module_20343	CCT7
chr11	73363191	73363863	Module_6848	PLEKHB1
chr11	73490335	73490967	Module_6853	PLEKHB1
chr11	73490335	73490967	Module_6853	PAAF1
chr11	73490335	73490967	Module_6853	FAM168A
chr11	73490335	73490967	Module_6853	COA4
chr11	73490335	73490967	Module_6853	RAB6A
chr11	73490335	73490967	Module_6853	MRPL48
chr11	73490335	73490967	Module_6853	UCP2
chr2	73499320	73499879	Module_20342	FBXO41
chr2	73510811	73512124	Module_20343	FBXO41
chr2	73510811	73512124	Module_20343	ALMS1
chr17	73689841	73690862	Module_16121	SAP30BP
chr17	73689841	73690862	Module_16121	RECQL5
chr14	73702100	73703498	Module_10958	PAPLN
chr14	73702100	73703498	Module_10958	PSEN1
chr14	73702100	73703498	Module_10958	LOC101928123
chr8	73914074	73914606	Module_36329	TERF1
chr6	74018829	74020280	Module_32239	KHDC1
chr6	74018829	74020280	Module_32239	MTO1
chr17	74128218	74129334	Module_16153	EXOC7
chr17	74128218	74129334	Module_16153	FOXJ1
chr2	74211241	74212384	Module_20351	TPRKB
chr2	74211241	74212384	Module_20351	STAMBP
chr2	74211241	74212384	Module_20351	TET3
chr2	74211241	74212384	Module_20351	ACTG2
chr2	74211241	74212384	Module_20351	DUSP11
chr2	74211241	74212384	Module_20351	DGUOK
chr9	74367738	74368281	Module_37599	TMEM2
chr15	74494413	74495518	Module_12344	STRA6
chr2	74618460	74619355	Module_20366	SLC4A5
chr2	74618460	74619355	Module_20366	WDR54
chr2	74618460	74619355	Module_20366	C2orf81
chr2	74618460	74619355	Module_20366	DCTN1
chr2	74618460	74619355	Module_20366	RTKN
chr13	74709127	74710033	Module_10030	KLF12
chr18	74843838	74845279	Module_17234	MBP
chr15	74906652	74908446	Module_12375	ARID3B
chr15	74906652	74908446	Module_12375	CLK3
chr2	75062119	75062809	Module_20383	POLE4
chr15	75136458	75136958	Module_12390	ULK3
chr15	75136458	75136958	Module_12390	SCAMP2
chr11	75274053	75275556	Module_6895	GDPD5
chr11	75274053	75275556	Module_6895	SERPINH1
chr11	75274053	75275556	Module_6895	MAP6
chr10	75385139	75385926	Module_4580	AGAP5
chr10	75385139	75385926	Module_4580	USP54
chr10	75385139	75385926	Module_4580	MYOZ1
chr10	75385139	75385926	Module_4580	BMS1P4
chr10	75385139	75385926	Module_4580	SEC24C
chr17	75536839	75537523	Module_16233	LOC100507351
chr16	75550447	75551604	Module_14059	KARS
chr16	75550447	75551604	Module_14059	TERF2IP
chr16	75550447	75551604	Module_14059	ADAT1
chr16	75550447	75551604	Module_14059	TMEM231
chr16	75550447	75551604	Module_14059	CHST6
chr16	75550447	75551604	Module_14059	TMEM170A
chr16	75550447	75551604	Module_14059	CFDP1
chr5	75698805	75700223	Module_29800	IQGAP2
chr15	75747783	75748583	Module_12415	COMMD4
chr15	75939818	75940591	Module_12421	PTPN9
chr15	75747783	75748583	Module_12415	MAN2C1
chr15	75747783	75748583	Module_12415	NEIL1
chr15	75747783	75748583	Module_12415	SIN3A
chr2	75787012	75788481	Module_20392	MRPL19
chr2	75787012	75788481	Module_20392	GCFC2
chr15	75939818	75940591	Module_12421	SNX33
chr15	75939818	75940591	Module_12421	SNUPN
chr15	75939818	75940591	Module_12421	IMP3
chr17	75954229	75955083	Module_16239	TNRC6C
chr14	76097198	76098325	Module_11050	C14orf1
chr14	76097198	76098325	Module_11050	TTLL5
chr14	76550363	76551145	Module_11055	GPATCH2L
chr14	76604899	76605577	Module_11060	GPATCH2L
chr14	76550363	76551145	Module_11055	IFT43
chr15	76637948	76639823	Module_12450	ETFA
chr10	76993839	76995217	Module_4624	VDAC2
chr10	76993839	76995217	Module_4624	COMTD1
chr15	77197266	77198019	Module_12451	RCN2
chr15	77197266	77198019	Module_12451	SCAPER
chr16	77245929	77247219	Module_14067	SYCE1L
chr8	77610902	77611402	Module_36371	ZFHX4
chr8	77612402	77612902	Module_36372	ZFHX4
chr15	77923254	77923754	Module_12461	LINGO1
chr14	78048822	78049332	Module_11102	SPTLC2
chr4	78078868	78079638	Module_28235	CCNG2
chr4	78090535	78091035	Module_28236	CCNG2
chr4	78098305	78098846	Module_28238	CCNG2
chr4	78099620	78100166	Module_28239	CCNG2
chr4	78078868	78079638	Module_28235	CCNI
chr4	78078868	78079638	Module_28235	SEPT11
chr11	78127913	78128946	Module_6964	GAB2
chr17	78157909	78158409	Module_16356	SGSH
chr17	78157909	78158409	Module_16356	SLC26A11
chr13	78271281	78272854	Module_10062	SLAIN1
chr13	78427773	78428305	Module_10070	SLAIN1
chr5	78279826	78281410	Module_29842	ARSB
chr5	78279826	78281410	Module_29842	JMY
chr17	78428224	78429233	Module_16363	ENDOV
chr17	78428224	78429233	Module_16363	RPTOR
chr17	78428224	78429233	Module_16363	NPTX1
chr5	79258111	79258628	Module_29856	MTX3
chr5	79258111	79258628	Module_29856	THBS4
chr17	79319369	79320497	Module_16395	SLC38A10
chr17	79949526	79950735	Module_16444	ASPSCR1
chr17	79949526	79950735	Module_16444	LRRC45
chr17	80061148	80062368	Module_16452	DUS1L
chr17	80061148	80062368	Module_16452	FASN
chr17	80061148	80062368	Module_16452	DCXR
chr17	80061148	80062368	Module_16452	RFNG
chr17	80061148	80062368	Module_16452	GPS1
chr12	81330237	81331067	Module_8759	ACSS3
chr12	81330237	81331067	Module_8759	LIN7A
chr16	81477940	81479168	Module_14101	GAN
chr5	81601984	81602574	Module_29899	RPS23
chr5	81601984	81602574	Module_29899	ATP6AP1L
chr14	81636046	81637172	Module_11110	GTF2A1
chr14	81636046	81637172	Module_11110	SEL1L
chr14	81901841	81903094	Module_11119	SEL1L
chr14	81636046	81637172	Module_11110	STON2
chr14	81901841	81903094	Module_11119	STON2
chr10	82224337	82224932	Module_4707	FAM213A
chr10	82224337	82224932	Module_4707	TSPAN14
chr10	82224337	82224932	Module_4707	DYDC2
chr12	82722920	82723838	Module_8766	METTL25
chr12	82722920	82723838	Module_8766	CCDC59
chr5	82768161	82769799	Module_29906	VCAN
chr6	83073451	83075425	Module_32325	IBTK
chr6	83073451	83075425	Module_32325	TPBG
chr7	83320255	83320755	Module_34408	SEMA3E
chr7	83324505	83325005	Module_34409	SEMA3E
chr1	84543333	84544048	Module_1747	SAMD13
chr1	84543333	84544048	Module_1747	PRKACB
chr1	84543333	84544048	Module_1747	TTLL7
chr16	84580793	84581747	Module_14170	TLDC1
chr1	85077229	85077930	Module_1761	SSX2IP
chr1	85077229	85077930	Module_1761	CTBS
chr1	85077229	85077930	Module_1761	RPF1
chr1	85077229	85077930	Module_1761	GNG5
chr2	85482503	85483692	Module_20440	RETSAT
chr2	85482503	85483692	Module_20440	ELMOD3
chr2	85482503	85483692	Module_20440	TCF7L1
chr2	85482503	85483692	Module_20440	TGOLN2
chr16	85643832	85645998	Module_14216	GSE1
chr16	85643832	85645998	Module_14216	GINS2
chr4	85852875	85853375	Module_28296	WDFY3
chr11	86301245	86301745	Module_7003	ME3
chr11	86389368	86390122	Module_7005	ME3
chr4	87464841	87465447	Module_28309	PTPN13
chr7	87555873	87556671	Module_34439	ADAM22
chr16	88599682	88601291	Module_14300	ZC3H18
chr2	89156597	89157223	Module_20510	LOC654342
chr2	95872794	95873546	Module_20517	LOC654342
chr16	88705530	88706356	Module_14306	CYBA
chr16	88705530	88706356	Module_14306	MVD
chr2	89156597	89157223	Module_20510	ANKRD36BP2
chr6	89283601	89284813	Module_32385	LOC101928936
chr10	89385469	89386713	Module_4747	PAPSS2
chr10	89621580	89622675	Module_4751	PAPSS2
chr10	89621580	89622675	Module_4751	ATAD1
chr10	89621580	89622675	Module_4751	PTEN
chr12	89747243	89748110	Module_8803	ATP2B1
chr12	89747243	89748110	Module_8803	DUSP6
chr1	89989771	89990912	Module_1814	LRRC8B
chr6	90205688	90206188	Module_32409	ANKRD6
chr7	90225258	90226025	Module_34462	CDK14
chr7	90581575	90582075	Module_34476	CDK14
chr7	90225258	90226025	Module_34462	CLDN12
chr15	90586520	90587020	Module_12685	ZNF710
chr15	90586520	90587020	Module_12685	IDH2
chr10	91404407	91405716	Module_4776	KIF20B
chr10	91404407	91405716	Module_4776	PANK1
chr10	91404407	91405716	Module_4776	IFIT5
chr15	91414241	91415830	Module_12720	FURIN
chr15	91499801	91501159	Module_12727	RCCD1
chr15	91499801	91501159	Module_12727	PRC1
chr15	91414241	91415830	Module_12720	UNC45A
chr15	91499801	91501159	Module_12727	UNC45A
chr15	91414241	91415830	Module_12720	FES
chr15	91414241	91415830	Module_12720	HDDC3
chr15	91499801	91501159	Module_12727	HDDC3
chr15	91414241	91415830	Module_12720	MAN2A2
chr15	91499801	91501159	Module_12727	MAN2A2
chr15	91499801	91501159	Module_12727	VPS33B
chr7	91521632	91522272	Module_34482	AKAP9
chr9	91840866	91841366	Module_37770	CKS2
chr9	91840866	91841366	Module_37770	SECISBP2
chr1	92077125	92077625	Module_1856	CDC7
chr10	92689919	92690508	Module_4785	RPP30
chr12	92594080	92594580	Module_8821	BTG1
chr15	92887356	92887856	Module_12735	ST8SIA2
chr15	93352196	93352920	Module_12752	FAM174B
chr10	93431721	93432362	Module_4794	PPP1R3C
chr10	93667792	93668687	Module_4806	BTAF1
chr10	93667792	93668687	Module_4806	FGFBP3
chr13	93879668	93880996	Module_10109	GPC6
chr1	94188002	94188608	Module_1889	BCAR3
chr1	94188002	94188608	Module_1889	DNTTIP2
chr1	94312658	94313793	Module_1893	DNTTIP2
chr1	94188002	94188608	Module_1889	GCLM
chr1	94312658	94313793	Module_1893	GCLM
chr7	94536478	94538228	Module_34517	PPP1R9A
chr9	94647327	94647865	Module_37810	ROR2
chr9	94648829	94649441	Module_37811	ROR2
chr11	94978178	94978774	Module_7090	SESN3
chr14	95050872	95051505	Module_11239	SERPINA5
chr14	95195260	95195794	Module_11241	GSC
chr13	95358824	95360137	Module_10119	LOC101927248
chr13	95358824	95360137	Module_10119	SOX21
chr10	95564301	95564801	Module_4848	LGI1
chr13	95619868	95621198	Module_10123	CLDN10
chr2	95872794	95873546	Module_20517	ZNF514
chr2	95872794	95873546	Module_20517	MRPS5
chr2	95872794	95873546	Module_20517	ZNF2
chr15	96890418	96890918	Module_12777	NR2F2
chr9	96928080	96929428	Module_37892	PTPDC1
chr9	96928080	96929428	Module_37892	MIRLET7DHG
chr9	96928080	96929428	Module_37892	LOC100132077
chr10	96989726	96991248	Module_4857	PDLIM1
chr10	96989726	96991248	Module_4857	SORBS1
chr14	97220955	97222023	Module_11310	VRK1
chr9	97370318	97371040	Module_37902	FBP1
chr9	97370318	97371040	Module_37902	C9orf3
chr2	97572408	97573556	Module_20567	SEMA4C
chr2	97572408	97573556	Module_20567	CNNM3
chr2	97572408	97573556	Module_20567	ANKRD39
chr2	97572408	97573556	Module_20567	FAHD2B
chr2	97572408	97573556	Module_20567	ANKRD36
chr2	97572408	97573556	Module_20567	LMAN2L
chr2	97572408	97573556	Module_20567	CNNM4
chr2	97572408	97573556	Module_20567	ANKRD36B
chr12	97669795	97670295	Module_8886	RMST
chr5	98298566	98299195	Module_29998	CHD1
chr13	98628138	98629439	Module_10160	IPO5
chr13	98628138	98629439	Module_10160	RAP2A
chr15	99190388	99191243	Module_12790	LINC00923
chr4	99849270	99850697	Module_28411	EIF4E
chr4	99849270	99850697	Module_28411	ADH5
chr4	99849270	99850697	Module_28411	METAP1
chr14	99989160	99989702	Module_11321	SETD3
chr14	99989160	99989702	Module_11321	CCDC85C
chr7	100027117	100028145	Module_34617	PPP1R35
chr7	100087286	100088149	Module_34625	TSC22D4
chr7	100027117	100028145	Module_34617	MEPCE
chr7	100087286	100088149	Module_34625	NYAP1
chr10	100215705	100216480	Module_4937	LOC101927278
chr10	100215705	100216480	Module_4937	HPS1
chr10	100215705	100216480	Module_4937	PYROXD2
chr12	100377948	100379134	Module_8899	GOLGA2P5
chr7	100433300	100435360	Module_34651	SRRT
chr7	100433300	100435360	Module_34651	SLC12A9
chr7	100433300	100435360	Module_34651	TRIP6
chr7	100433300	100435360	Module_34651	EPHB4
chr11	101981764	101982714	Module_7129	TMEM133
chr13	100622629	100623663	Module_10197	PCCA
chr13	100622629	100623663	Module_10197	ZIC5
chr13	100622629	100623663	Module_10197	ZIC2
chr7	100805902	100807362	Module_34669	AP1S1
chr8	101321418	101322787	Module_36592	COX6C
chr8	101321418	101322787	Module_36592	ANKRD46
chr8	101321418	101322787	Module_36592	RNF19A
chr8	101321418	101322787	Module_36592	POLR2K
chr9	101571976	101572694	Module_37995	GALNT12
chr9	101571976	101572694	Module_37995	ANKS6
chr9	101932159	101932806	Module_37999	SEC61B
chr9	101934894	101935452	Module_38000	SEC61B
chr9	101936054	101936554	Module_38001	SEC61B
chr9	101932159	101932806	Module_37999	ALG2
chr9	101934894	101935452	Module_38000	ALG2
chr9	101936054	101936554	Module_38001	ALG2
chr9	101932159	101932806	Module_37999	TGFBR1
chr8	101964066	101965412	Module_36605	YWHAZ
chr8	101964066	101965412	Module_36605	PABPC1
chr8	101964066	101965412	Module_36605	ZNF706
chr11	101981764	101982714	Module_7129	YAP1
chr11	101986262	101986914	Module_7130	YAP1
chr11	101981764	101982714	Module_7129	C11orf70
chr5	102090309	102091259	Module_30011	PAM
chr5	102254759	102255259	Module_30016	PAM
chr5	102283158	102283658	Module_30017	PAM
chr5	102090309	102091259	Module_30011	LINC00491
chr5	102283158	102283658	Module_30017	LINC00491
chr7	102573768	102574604	Module_34724	LRRC17
chr7	102573768	102574604	Module_34724	FAM185A
chr7	102573768	102574604	Module_34724	RASA4
chr7	102573768	102574604	Module_34724	UPK3BL
chr7	102573768	102574604	Module_34724	POLR2J2
chr10	102757397	102758445	Module_4970	MRPL43
chr10	102757397	102758445	Module_4970	LZTS2
chr14	103010438	103012383	Module_11412	RCOR1
chr14	103021094	103022152	Module_11413	RCOR1
chr14	102982913	102983951	Module_11410	ANKRD9
chr14	103010438	103012383	Module_11412	ANKRD9
chr14	103021094	103022152	Module_11413	ANKRD9
chr10	103329165	103330830	Module_4977	POLL
chr10	103329165	103330830	Module_4977	DPCD
chr10	103531835	103533381	Module_4990	NPM3
chr10	103531835	103533381	Module_4990	FGF8
chr14	104008218	104009564	Module_11456	CKB
chr14	104008218	104009564	Module_11456	TRMT61A
chr14	104008218	104009564	Module_11456	ZFYVE21
chr14	104008218	104009564	Module_11456	MARK3
chr14	104008218	104009564	Module_11456	BAG5
chr14	104008218	104009564	Module_11456	KLC1
chr14	104008218	104009564	Module_11456	APOPT1
chr14	104008218	104009564	Module_11456	XRCC3
chr10	104180448	104181432	Module_5018	FBXL15
chr10	104180448	104181432	Module_5018	NFKB2
chr10	104180448	104181432	Module_5018	CUEDC2
chr10	104180448	104181432	Module_5018	PSD
chr10	104387414	104388102	Module_5026	TRIM8
chr10	104401644	104402361	Module_5029	TRIM8
chr10	104408904	104410331	Module_5032	TRIM8
chr10	104387414	104388102	Module_5026	SFXN2
chr10	104401644	104402361	Module_5029	SFXN2
chr10	104408904	104410331	Module_5032	SFXN2
chr10	104387414	104388102	Module_5026	ARL3
chr10	104401644	104402361	Module_5029	ARL3
chr10	104408904	104410331	Module_5032	ARL3
chr14	104605872	104606701	Module_11484	KIF26A
chr14	104614953	104618130	Module_11485	KIF26A
chr7	104653067	104654058	Module_34739	KMT2E
chr7	104653067	104654058	Module_34739	SRPK2
chr7	105028367	105029901	Module_34746	SRPK2
chr7	104653067	104654058	Module_34739	KMT2E-AS1
chr14	105143859	105145194	Module_11491	ADSSL1
chr14	105143859	105145194	Module_11491	SIVA1
chr14	105281956	105283044	Module_11509	SIVA1
chr14	105143859	105145194	Module_11491	TMEM179
chr14	105143859	105145194	Module_11491	INF2
chr14	105281956	105283044	Module_11509	AKT1
chr14	105281956	105283044	Module_11509	CEP170B
chr10	105836411	105837291	Module_5071	SFR1
chr10	106088076	106088979	Module_5080	GSTO1
chr10	106088076	106088979	Module_5080	GSTO2
chr12	107104003	107104503	Module_8979	RIC8B
chr12	107116546	107117046	Module_8980	RIC8B
chr9	107730371	107731848	Module_38057	ABCA1
chr12	108039077	108040216	Module_8997	PWP1
chr12	108039077	108040216	Module_8997	PRDM4
chr7	108089473	108090135	Module_34790	NRCAM
chr12	108566757	108567435	Module_9010	WSCD2
chr6	108878558	108880038	Module_32537	FOXO3
chr3	109074517	109075559	Module_26244	DPPA4
chr8	109797918	109798418	Module_36678	TMEM74
chr12	109962276	109962945	Module_9040	UBE3B
chr12	109962276	109962945	Module_9040	MVK
chr12	109962276	109962945	Module_9040	MMAB
chr1	110502272	110503331	Module_2048	AHCYL1
chr2	111528220	111528763	Module_20731	ACOXL
chr2	111879892	111881048	Module_20737	BCL2L11
chr10	111969010	111971481	Module_5104	MXI1
chr3	112021912	112022747	Module_26264	C3orf52
chr3	112021912	112022747	Module_26264	CD200
chr12	112034848	112036833	Module_9103	BRAP
chr12	112034848	112036833	Module_9103	ACAD10
chr7	112090533	112091417	Module_34813	DOCK4
chr7	112090533	112091417	Module_34813	ZNF277
chr7	112090533	112091417	Module_34813	IFRD1
chr13	112726559	112728260	Module_10278	SOX1
chr13	112760903	112761403	Module_10283	SOX1
chr13	112726559	112728260	Module_10278	LINC00403
chr13	112760903	112761403	Module_10283	LINC00403
chr3	112805177	112805677	Module_26272	GTPBP8
chr3	112805177	112805677	Module_26272	BOC
chr12	113683442	113683998	Module_9144	TPCN1
chr12	113683442	113683998	Module_9144	IQCD
chr13	113791899	113792602	Module_10324	F10
chr4	113816950	113817450	Module_28531	ANK2
chr12	113919946	113920704	Module_9164	LHX5
chr12	113922970	113923721	Module_9166	LHX5
chr12	113952845	113953504	Module_9167	LHX5
chr6	114179729	114180515	Module_32613	MARCKS
chr9	114244805	114246287	Module_38133	KIAA0368
chr12	114370711	114371653	Module_9175	RBM19
chr5	114504747	114506187	Module_30106	CCDC112
chr5	114504747	114506187	Module_30106	PGGT1B
chr5	114504747	114506187	Module_30106	TRIM36
chr10	114710921	114712734	Module_5133	TCF7L2
chr13	114877515	114878443	Module_10363	CDC16
chr13	114995533	114996216	Module_10376	CDC16
chr13	114877515	114878443	Module_10363	GAS6
chr13	114877515	114878443	Module_10363	RASA3
chr6	116691708	116693050	Module_32641	DSE
chr6	116691708	116693050	Module_32641	TSPYL1
chr6	116691708	116693050	Module_32641	TSPYL4
chr6	116691708	116693050	Module_32641	RWDD1
chr1	117714543	117715106	Module_2195	TRIM45
chr1	117714543	117715106	Module_2195	TTF2
chr6	118241014	118241753	Module_32658	SLC35F1
chr8	118369937	118370538	Module_36709	MED30
chr5	118415112	118415684	Module_30135	DMXL1
chr11	118782544	118783506	Module_7321	BCL9L
chr11	118798683	118799724	Module_7329	BCL9L
chr11	118799941	118801407	Module_7330	BCL9L
chr3	119068183	119069519	Module_26336	B4GALT4
chr3	119068183	119069519	Module_26336	TMEM39A
chr3	119068183	119069519	Module_26336	POGLUT1
chr3	119068183	119069519	Module_26336	TIMMDC1
chr8	119086227	119087154	Module_36710	EXT1
chr11	119292508	119294251	Module_7358	THY1
chr11	119292508	119294251	Module_7358	USP2
chr4	119770977	119771847	Module_28568	SEC24D
chr10	119829528	119830124	Module_5205	RAB11FIP2
chr1	120316375	120316946	Module_2227	PHGDH
chr1	120316375	120316946	Module_2227	SRGAP2D
chr12	120665898	120667076	Module_9247	PXN-AS1
chr12	120665898	120667076	Module_9247	PXN
chr12	120728524	120730221	Module_9252	PXN
chr12	120665898	120667076	Module_9247	RPLP0
chr12	120665898	120667076	Module_9247	SIRT4
chr12	120728524	120730221	Module_9252	SIRT4
chr2	120995278	120996171	Module_20852	RALB
chr2	120995278	120996171	Module_20852	TMEM185B
chr11	121117013	121117678	Module_7387	SC5D
chr10	121445945	121447567	Module_5228	BAG3
chr10	121445945	121447567	Module_5228	INPP5F
chr12	121675959	121677018	Module_9299	P2RX4
chr12	121733240	121735539	Module_9304	P2RX4
chr12	121675959	121677018	Module_9299	CAMKK2
chr12	121733240	121735539	Module_9304	CAMKK2
chr7	121954751	121955990	Module_34905	FEZF1-AS1
chr7	121954751	121955990	Module_34905	FEZF1
chr12	122237763	122238487	Module_9330	TMEM120B
chr12	122237763	122238487	Module_9330	PSMD9
chr12	122237763	122238487	Module_9330	RHOF
chr12	122249229	122250921	Module_9331	RHOF
chr2	122287577	122288986	Module_20892	CLASP1
chr3	122809850	122810478	Module_26396	PDIA5
chr11	123300656	123301964	Module_7414	GRAMD1B
chr10	123339651	123340842	Module_5245	FGFR2
chr10	123355370	123356751	Module_5246	FGFR2
chr3	123518716	123519216	Module_26410	MYLK
chr3	123562402	123563103	Module_26411	MYLK
chr3	123751663	123752392	Module_26417	MYLK
chr3	123562402	123563103	Module_26411	CCDC14
chr3	123751663	123752392	Module_26417	CCDC14
chr4	123704317	123705042	Module_28602	BBS12
chr12	123745792	123746310	Module_9367	MPHOSPH9
chr12	123745792	123746310	Module_9367	CDK2AP1
chr12	123745792	123746310	Module_9367	C12orf65
chr8	123849894	123850582	Module_36761	ZHX2
chr4	124319344	124320407	Module_28615	SPRY1
chr9	124361447	124362677	Module_38282	DAB2IP
chr11	124718323	124718823	Module_7448	ROBO3
chr11	125040075	125041100	Module_7463	PKNOX2
chr11	125040075	125041100	Module_7463	TMEM218
chr9	125138267	125138767	Module_38299	PTGS1
chr6	125282881	125283654	Module_32723	RNF217
chr6	125282881	125283654	Module_32723	TPD52L1
chr12	125669788	125671242	Module_9399	TMEM132B
chr12	125669788	125671242	Module_9399	AACS
chr12	125669788	125671242	Module_9399	UBC
chr5	126113195	126114477	Module_30211	LMNB1
chr9	126119316	126120021	Module_38317	CRB2
chr9	126120239	126120826	Module_38318	CRB2
chr9	126119316	126120021	Module_38317	STRBP
chr9	126120239	126120826	Module_38318	STRBP
chr10	126605092	126605975	Module_5320	FAM53B
chr10	126605092	126605975	Module_5320	FAM175B
chr10	126605092	126605975	Module_5320	ZRANB1
chr10	126848638	126850169	Module_5333	ZRANB1
chr10	126840129	126840981	Module_5330	CTBP2
chr10	126848638	126850169	Module_5333	CTBP2
chr9	127161400	127162622	Module_38346	PSMB7
chr9	127161400	127162622	Module_38346	LOC100129034
chr9	127631006	127631889	Module_38362	ARPC5L
chr9	127631006	127631889	Module_38362	RPL35
chr9	127631006	127631889	Module_38362	GOLGA1
chr2	127782381	127783552	Module_20907	BIN1
chr2	127976587	127977948	Module_20922	MAP3K2
chr5	127874243	127874958	Module_30233	FBN2
chr2	127976587	127977948	Module_20922	ERCC3
chr2	127976587	127977948	Module_20922	CYP27C1
chr3	128336259	128337027	Module_26534	RPN1
chr7	128430414	128431383	Module_34986	CCDC136
chr7	128472269	128473625	Module_34991	CCDC136
chr7	128430414	128431383	Module_34986	CALU
chr7	128472269	128473625	Module_34991	CALU
chr7	128430414	128431383	Module_34986	FLNC
chr7	128472269	128473625	Module_34991	FLNC
chr7	128430414	128431383	Module_34986	FAM71F1
chr7	128472269	128473625	Module_34991	FAM71F1
chr7	128430414	128431383	Module_34986	LINC01000
chr7	128472269	128473625	Module_34991	LINC01000
chr7	128430414	128431383	Module_34986	ATP6V1F
chr7	128472269	128473625	Module_34991	ATP6V1F
chr2	128459115	128459909	Module_20938	SFT2D3
chr2	128459115	128459909	Module_20938	WDR33
chr7	128681280	128682078	Module_35001	TNPO3
chr4	129208335	129209441	Module_28635	LARP1B
chr11	129765018	129765886	Module_7507	APLP2
chr11	129765018	129765886	Module_7507	NFRKB
chr11	129765018	129765886	Module_7507	PRDM10
chr11	129765018	129765886	Module_7507	ST14
chr7	129781189	129782414	Module_35022	KLHDC10
chr7	129781189	129782414	Module_35022	TMEM209
chr7	129781189	129782414	Module_35022	ZC3HC1
chr9	130516376	130517836	Module_38433	TOR2A
chr9	130742489	130743655	Module_38466	DPM2
chr9	130742489	130743655	Module_38466	FAM102A
chr9	130742489	130743655	Module_38466	PIP5KL1
chr9	130742489	130743655	Module_38466	ST6GALNAC4
chr2	131129700	131130449	Module_20972	MZT2B
chr2	131129700	131130449	Module_20972	CCDC115
chr2	131129700	131130449	Module_20972	PTPN18
chr2	131129700	131130449	Module_20972	CCDC74B
chr2	131129700	131130449	Module_20972	SMPD4
chr2	131129700	131130449	Module_20972	IMP4
chr2	131629988	131630508	Module_20980	ARHGEF4
chr9	131154986	131155879	Module_38490	URM1
chr9	131154986	131155879	Module_38490	CERCAM
chr9	131154986	131155879	Module_38490	ODF2
chr9	131285651	131286215	Module_38496	GLE1
chr7	131289460	131290568	Module_35060	PODXL
chr6	131602414	131603073	Module_32804	AKAP7
chr9	131684110	131684931	Module_38512	LRRC8A
chr9	131684110	131684931	Module_38512	DOLK
chr9	131684110	131684931	Module_38512	PHYHD1
chr9	131684110	131684931	Module_38512	NUP188
chr5	131831430	131833006	Module_30261	RAD50
chr9	131901485	131903331	Module_38522	CRAT
chr9	131901485	131903331	Module_38522	IER5L
chr9	132319436	132320116	Module_38538	NTMT1
chr9	132358787	132360112	Module_38539	NTMT1
chr9	132358787	132360112	Module_38539	PRRX2
chr9	132319436	132320116	Module_38538	ASB6
chr9	132358787	132360112	Module_38539	ASB6
chr9	133320633	133322179	Module_38582	ASS1
chr9	133340893	133341428	Module_38586	ASS1
chr9	133587921	133588732	Module_38595	EXOSC2
chr9	133587921	133588732	Module_38595	ABL1
chr9	133587921	133588732	Module_38595	FUBP3
chr5	133801468	133802820	Module_30301	CDKN2AIPNL
chr5	133862149	133863689	Module_30305	CDKN2AIPNL
chr5	133862149	133863689	Module_30305	SEC24A
chr5	133862149	133863689	Module_30305	SAR1B
chr10	134120467	134122274	Module_5386	STK32C
chr10	134120467	134122274	Module_5386	LRRC27
chr10	134120467	134122274	Module_5386	DPYSL4
chr9	134268459	134270264	Module_38628	PRRC2B
chr9	134311563	134312966	Module_38640	PRRC2B
chr9	134614226	134615920	Module_38650	RAPGEF1
chr9	135060293	135061366	Module_38665	NTNG2
chr9	135310120	135310642	Module_38673	TTF1
chr9	135431426	135431926	Module_38675	BARHL1
chr9	135466414	135467128	Module_38678	BARHL1
chr5	135538356	135538856	Module_30345	SMAD5
chr6	135571747	135573061	Module_32869	MYB
chr8	135844011	135845121	Module_36887	ZFAT
chr3	135915197	135915846	Module_26644	PPP2R3A
chr3	135915197	135915846	Module_26644	MSL2
chr3	135915197	135915846	Module_26644	PCCB
chr9	137029388	137030505	Module_38748	WDR5
chr9	137220295	137220813	Module_38754	RXRA
chr5	137413704	137414274	Module_30353	WNT8A
chr9	137549982	137550741	Module_38763	COL5A1
chr5	137799539	137800202	Module_30366	REEP2
chr5	137799539	137800202	Module_30366	ETF1
chr5	137799539	137800202	Module_30366	HSPA9
chr5	137799539	137800202	Module_30366	KDM3B
chr9	137978845	137980961	Module_38769	OLFM1
chr5	138281437	138282010	Module_30381	CTNNA1
chr3	138553305	138554022	Module_26676	FAIM
chr3	138553305	138554022	Module_26676	CEP70
chr9	138896339	138896947	Module_38786	UBAC1
chr9	139001107	139002124	Module_38795	C9orf69
chr9	139001107	139002124	Module_38795	NACC2
chr6	139013410	139014626	Module_32916	CCDC28A
chr6	139013410	139014626	Module_32916	NHSL1
chr6	139013410	139014626	Module_32916	FLJ46906
chr5	139027802	139029574	Module_30408	UBE2D2
chr5	139027802	139029574	Module_30408	CXXC5
chr5	139076119	139077278	Module_30425	CXXC5
chr6	139717063	139717625	Module_32938	CITED2
chr9	139741469	139742571	Module_38867	PHPT1
chr9	139741469	139742571	Module_38867	TRAF2
chr9	139844262	139844870	Module_38873	TRAF2
chr9	139741469	139742571	Module_38867	RABL6
chr9	139741469	139742571	Module_38867	EDF1
chr9	139741469	139742571	Module_38867	C9orf172
chr9	139844262	139844870	Module_38873	C9orf142
chr9	139844262	139844870	Module_38873	FBXW5
chr9	139844262	139844870	Module_38873	ABCA2
chr4	140097436	140100205	Module_28674	NDUFC1
chr4	140097436	140100205	Module_28674	NAA15
chr4	140097436	140100205	Module_28674	ELF2
chr5	140887411	140887911	Module_30470	PCDHGC4
chr5	140892887	140894245	Module_30473	PCDHGC4
chr5	140887411	140887911	Module_30470	PCDHGC3
chr5	140892887	140894245	Module_30473	PCDHGC3
chr5	140892887	140894245	Module_30473	PCDHGB7
chr5	140892887	140894245	Module_30473	PCDHGB6
chr5	140892887	140894245	Module_30473	PCDHGA11
chr4	141071956	141073249	Module_28692	MAML3
chr4	141071956	141073249	Module_28692	SCOC
chr3	141086834	141087521	Module_26725	ZBTB38
chr3	141120812	141121967	Module_26728	ZBTB38
chr3	141120812	141121967	Module_26728	RASA2
chr3	141120812	141121967	Module_26728	TFDP2
chr5	141228770	141229492	Module_30487	GNPDA1
chr5	141228770	141229492	Module_30487	KIAA0141
chr5	141228770	141229492	Module_30487	PCDH1
chr5	141228770	141229492	Module_30487	RNF14
chr8	142318102	142319207	Module_36929	SLC45A4
chr8	142424771	142425784	Module_36934	PTP4A3
chr6	143267028	143268964	Module_32958	AIG1
chr6	143267028	143268964	Module_32958	HIVEP2
chr8	143497256	143498638	Module_36945	TSNARE1
chr8	143819885	143821246	Module_36963	LYNX1
chr8	144104711	144107314	Module_36971	LY6E
chr8	144717754	144718542	Module_36997	TIGD5
chr8	144717754	144718542	Module_36997	PYCRL
chr8	144717754	144718542	Module_36997	ZNF623
chr8	144717754	144718542	Module_36997	TSTA3
chr8	144717754	144718542	Module_36997	EEF1D
chr8	145697710	145698656	Module_37049	CYHR1
chr8	145697710	145698656	Module_37049	PPP1R16A
chr8	145747536	145748245	Module_37056	PPP1R16A
chr8	145747536	145748245	Module_37056	MFSD3
chr8	145697710	145698656	Module_37049	KIFC2
chr8	145697710	145698656	Module_37049	FOXH1
chr8	145747536	145748245	Module_37056	FOXH1
chr8	145747536	145748245	Module_37056	ARHGAP39
chr8	145747536	145748245	Module_37056	RECQL4
chr8	145747536	145748245	Module_37056	LRRC14
chr8	145747536	145748245	Module_37056	C8orf82
chr4	146856900	146858892	Module_28728	ZNF827
chr4	146856900	146858892	Module_28728	LSM6
chr1	147071154	147072163	Module_2262	NBPF11
chr5	147253777	147255212	Module_30569	SCGB3A2
chr7	148844256	148845630	Module_35267	ZNF786
chr7	148844256	148845630	Module_35267	ZNF398
chr7	148844256	148845630	Module_35267	ZNF282
chr7	148844256	148845630	Module_35267	ZNF425
chr7	148844256	148845630	Module_35267	ZNF212
chr6	149637986	149639618	Module_33032	PPIL4
chr6	149637986	149639618	Module_33032	GINM1
chr5	150035827	150036535	Module_30661	RBM22
chr5	150051047	150052379	Module_30663	RBM22
chr5	150035827	150036535	Module_30661	DCTN4
chr5	150035827	150036535	Module_30661	MYOZ3
chr5	150051047	150052379	Module_30663	MYOZ3
chr5	150035827	150036535	Module_30661	SMIM3
chr7	150098981	150099981	Module_35304	REPIN1
chr7	150098981	150099981	Module_35304	ZNF775
chr7	150098981	150099981	Module_35304	LOC728743
chr7	150098981	150099981	Module_35304	RARRES2
chr1	150533507	150535106	Module_2299	GOLPH3L
chr1	150533507	150535106	Module_2299	MCL1
chr1	150533507	150535106	Module_2299	TARS2
chr1	150533507	150535106	Module_2299	ENSA
chr3	150802962	150803842	Module_26845	MED12L
chr1	151104349	151106223	Module_2322	SEMA6C
chr1	151104349	151106223	Module_2322	SCNM1
chr1	151104349	151106223	Module_2322	LYSMD1
chr6	151710666	151711938	Module_33064	AKAP12
chr6	151710666	151711938	Module_33064	ZBTB2
chr6	151710666	151711938	Module_33064	RMND1
chr3	152878240	152879476	Module_26861	RAP2B
chr5	154070852	154072284	Module_30724	LARP1
chr4	154143417	154144497	Module_28818	TRIM2
chr4	154143417	154144497	Module_28818	MND1
chr1	154297116	154299254	Module_2385	HAX1
chr1	154297116	154299254	Module_2385	ATP8B2
chr4	154710972	154711763	Module_28833	RNF175
chr4	154710972	154711763	Module_28833	SFRP2
chr1	154973242	154974013	Module_2409	ZBTB7B
chr1	154973242	154974013	Module_2409	FLAD1
chr1	154973242	154974013	Module_2409	CKS1B
chr1	154973242	154974013	Module_2409	LOC101928120
chr1	154973242	154974013	Module_2409	PYGO2
chr1	154973242	154974013	Module_2409	SHC1
chr1	154973242	154974013	Module_2409	ADAM15
chr1	154973242	154974013	Module_2409	PBXIP1
chr1	155138472	155140647	Module_2426	TRIM46
chr1	155138472	155140647	Module_2426	KRTCAP2
chr1	155138472	155140647	Module_2426	SLC50A1
chr1	155138472	155140647	Module_2426	DPM3
chr1	156677222	156678509	Module_2513	MRPL24
chr1	156677222	156678509	Module_2513	ISG20L2
chr1	156677222	156678509	Module_2513	RRNAD1
chr1	156677222	156678509	Module_2513	NES
chr1	156677222	156678509	Module_2513	CRABP2
chr1	156677222	156678509	Module_2513	HDGF
chr1	156677222	156678509	Module_2513	PRCC
chr3	156806490	156807167	Module_26904	CCNL1
chr5	157340173	157340873	Module_30760	CLINT1
chr6	157800718	157801747	Module_33120	ZDHHC14
chr1	158013025	158013525	Module_2541	KIRREL
chr5	158635643	158636930	Module_30770	RNF145
chr5	158635643	158636930	Module_30770	UBLCP1
chr2	159314038	159314825	Module_21163	PKP4
chr2	159314038	159314825	Module_21163	CCDC148
chr3	159480786	159482610	Module_26946	SCHIP1
chr5	159714271	159714919	Module_30801	FABP6
chr5	159714271	159714919	Module_30801	CCNJL
chr1	160083616	160084348	Module_2585	ATP1A2
chr1	160083616	160084348	Module_2585	IGSF8
chr1	160380102	160380871	Module_2602	VANGL2
chr1	160380102	160380871	Module_2602	COPA
chr1	160380102	160380871	Module_2602	NCSTN
chr1	160380102	160380871	Module_2602	DCAF8
chr1	160380102	160380871	Module_2602	PEX19
chr3	160472101	160473783	Module_26960	SCARNA7
chr3	160472101	160473783	Module_26960	PPM1L
chr3	160472101	160473783	Module_26960	KPNA4
chr2	161263660	161264786	Module_21181	RBMS1
chr2	162095158	162096207	Module_21193	TANK
chr2	162095158	162096207	Module_21193	PSMD14
chr1	162114804	162115730	Module_2639	C1orf226
chr1	162114804	162115730	Module_2639	NOS1AP
chr2	164593074	164593904	Module_21210	FIGN
chr1	165313969	165314469	Module_2675	LMX1A
chr1	167683522	167685159	Module_2711	MPZL1
chr5	167726917	167728065	Module_30831	WWC1
chr2	168149107	168149965	Module_21225	B3GALT1
chr4	169753077	169754602	Module_28928	PALLD
chr2	170220113	170221454	Module_21254	FASTKD1
chr2	170220113	170221454	Module_21254	BBS5
chr2	170220113	170221454	Module_21254	LRP2
chr4	171030653	171032057	Module_28956	AADAT
chr2	171216973	171217473	Module_21263	MYO3B
chr1	171227560	171228342	Module_2751	FMO4
chr2	171568365	171568906	Module_21267	SP5
chr5	172719197	172719705	Module_30918	STC2
chr1	173990669	173991780	Module_2792	KLHL20
chr1	173990669	173991780	Module_2792	RC3H1
chr1	173990669	173991780	Module_2792	ZBTB37
chr1	173990669	173991780	Module_2792	GAS5
chr1	173990669	173991780	Module_2792	GAS5-AS1
chr2	174828420	174829921	Module_21325	SP3
chr5	175969605	175971286	Module_30985	RNF44
chr5	175969605	175971286	Module_30985	GPRIN1
chr5	176558884	176560004	Module_31028	FGFR4
chr5	176558884	176560004	Module_31028	NSD1
chr5	176829408	176831633	Module_31039	GRK6
chr5	176881105	176883743	Module_31041	GRK6
chr5	176881105	176883743	Module_31041	PDLIM7
chr5	176881105	176883743	Module_31041	PRR7
chr5	176881105	176883743	Module_31041	FAM193B
chr5	176881105	176883743	Module_31041	DBN1
chr3	177076975	177078076	Module_27045	TBL1XR1
chr5	178003460	178004822	Module_31079	CLK4
chr2	178516479	178517116	Module_21388	TTC30A
chr5	178977569	178978095	Module_31088	HNRNPH1
chr5	179013058	179013645	Module_31089	HNRNPH1
chr5	179105194	179106642	Module_31097	HNRNPH1
chr5	178977569	178978095	Module_31088	RUFY1
chr5	179013058	179013645	Module_31089	RUFY1
chr2	179076239	179077128	Module_21392	RBM45
chr2	179076239	179077128	Module_21392	OSBPL6
chr5	179105194	179106642	Module_31097	MAML1
chr5	179221657	179223546	Module_31099	MAML1
chr5	179105194	179106642	Module_31097	CANX
chr5	179221657	179223546	Module_31099	SQSTM1
chr5	179221657	179223546	Module_31099	MGAT4B
chr5	180229392	180230392	Module_31146	MGAT1
chr5	180236954	180237629	Module_31147	MGAT1
chr5	180229392	180230392	Module_31146	ZFP62
chr5	180236954	180237629	Module_31147	ZFP62
chr5	180229392	180230392	Module_31146	HEIH
chr5	180236954	180237629	Module_31147	HEIH
chr5	180229392	180230392	Module_31146	FLT4
chr5	180236954	180237629	Module_31147	FLT4
chr5	180229392	180230392	Module_31146	TRIM41
chr5	180236954	180237629	Module_31147	TRIM41
chr5	180229392	180230392	Module_31146	TRIM52
chr5	180236954	180237629	Module_31147	TRIM52
chr5	180229392	180230392	Module_31146	LINC00847
chr5	180236954	180237629	Module_31147	LINC00847
chr2	180725392	180726619	Module_21407	CWC22
chr2	180922461	180923213	Module_21413	CWC22
chr2	180725392	180726619	Module_21407	ZNF385B
chr2	180922461	180923213	Module_21413	ZNF385B
chr1	181073752	181074854	Module_2865	IER5
chr1	181097630	181098247	Module_2868	IER5
chr1	181073752	181074854	Module_2865	STX6
chr1	181097630	181098247	Module_2868	STX6
chr2	182275534	182276248	Module_21418	ITGA4
chr4	183369473	183370346	Module_29005	TENM3
chr3	183152595	183153411	Module_27110	LINC00888
chr3	183152595	183153411	Module_27110	MCF2L2
chr4	184018416	184019706	Module_29012	WWC2
chr3	184053443	184054680	Module_27137	PSMD2
chr3	184080114	184081235	Module_27144	PSMD2
chr3	184053443	184054680	Module_27137	EIF4G1
chr3	184080114	184081235	Module_27144	EIF4G1
chr3	184053443	184054680	Module_27137	CLCN2
chr3	184080114	184081235	Module_27144	CLCN2
chr3	184053443	184054680	Module_27137	ECE2
chr3	184080114	184081235	Module_27144	ECE2
chr3	184053443	184054680	Module_27137	CAMK2N2
chr3	184080114	184081235	Module_27144	CAMK2N2
chr3	184053443	184054680	Module_27137	FAM131A
chr3	184080114	184081235	Module_27144	FAM131A
chr3	184320094	184320594	Module_27160	EPHB3
chr4	184800297	184800797	Module_29023	STOX2
chr4	185393860	185394669	Module_29030	IRF2
chr4	187647005	187648258	Module_29098	FAT1
chr2	189168171	189168894	Module_21471	GULP1
chr2	191512720	191514468	Module_21506	NAB1
chr3	193851646	193853081	Module_27313	HES1
chr3	193858355	193859990	Module_27316	HES1
chr3	195566083	195566583	Module_27340	SDHAP2
chr1	201618195	201619918	Module_2994	NAV1
chr1	201706656	201707182	Module_3000	NAV1
chr1	201706656	201707182	Module_3000	IPO9
chr1	201880731	201881469	Module_3006	SHISA4
chr2	202837237	202838050	Module_21599	FZD7
chr2	202897830	202898730	Module_21604	FZD7
chr1	203294297	203295176	Module_3052	BTG2
chr1	203296199	203297216	Module_3053	BTG2
chr1	203995263	203995763	Module_3064	SOX13
chr1	204049267	204049916	Module_3068	SOX13
chr1	204049267	204049916	Module_3068	ETNK2
chr1	204999851	205000351	Module_3117	TMEM81
chr1	204999851	205000351	Module_3117	CNTN2
chr1	205269884	205270986	Module_3133	NUAK2
chr1	205269884	205270986	Module_3133	TMCC2
chr1	205600196	205601490	Module_3163	ELK4
chr1	205600196	205601490	Module_3163	SLC45A3
chr2	206549674	206550846	Module_21628	NRP2
chr2	206585996	206586686	Module_21635	NRP2
chr2	208677191	208677809	Module_21669	FZD5
chr2	210478150	210479220	Module_21689	MAP2
chr2	217467324	217468340	Module_21752	IGFBP2
chr1	218337585	218338567	Module_3318	RRP15
chr1	218520090	218520982	Module_3325	RRP15
chr1	218337585	218338567	Module_3318	TGFB2
chr1	218520090	218520982	Module_3325	TGFB2
chr1	218667760	218668260	Module_3329	TGFB2
chr2	219187784	219189183	Module_21783	AAMP
chr2	219187784	219189183	Module_21783	PNKD
chr2	219187784	219189183	Module_21783	CTDSP1
chr2	219187784	219189183	Module_21783	ARPC2
chr2	219187784	219189183	Module_21783	TMBIM1
chr1	224258403	224258903	Module_3388	FBXO28
chr2	224816781	224817495	Module_21875	WDFY1
chr2	224816781	224817495	Module_21875	MRPL44
chr2	224816781	224817495	Module_21875	SERPINE2
chr2	224867699	224868820	Module_21878	SERPINE2
chr2	224816781	224817495	Module_21875	AP1S3
chr1	226297268	226298686	Module_3439	H3F3AP4
chr1	226309123	226309946	Module_3441	H3F3AP4
chr1	226297268	226298686	Module_3439	H3F3A
chr1	226309123	226309946	Module_3441	H3F3A
chr1	226309123	226309946	Module_3441	SDE2
chr1	226309123	226309946	Module_3441	LIN9
chr2	227655650	227656811	Module_21888	IRS1
chr2	227655650	227656811	Module_21888	RHBDD1
chr1	227915768	227916776	Module_3478	JMJD4
chr1	227915768	227916776	Module_3478	SNAP47
chr1	228247191	228248778	Module_3485	MRPL55
chr1	228247191	228248778	Module_3485	C1orf35
chr1	228247191	228248778	Module_3485	ARF1
chr1	231556235	231558518	Module_3565	TSNAX
chr1	231556235	231558518	Module_3565	EGLN1
chr1	231556235	231558518	Module_3565	SPRTN
chr1	231556235	231558518	Module_3565	EXOC8
chr1	231556235	231558518	Module_3565	C1orf131
chr1	231556235	231558518	Module_3565	GNPAT
chr2	232235066	232236121	Module_21941	B3GNT7
chr2	232478511	232479257	Module_21959	LINC00471
chr2	232530972	232531778	Module_21961	PTMA
chr2	232544773	232546157	Module_21963	PTMA
chr2	232570794	232572499	Module_21965	PTMA
chr2	232544773	232546157	Module_21963	PDE6D
chr2	232570794	232572499	Module_21965	PDE6D
chr1	232764827	232766707	Module_3579	SIPA1L2
chr1	232764827	232766707	Module_3579	MAP10
chr1	233723773	233724497	Module_3591	KCNK1
chr2	233915872	233916779	Module_22006	NGEF
chr2	235356638	235357138	Module_22028	ARL4C
chr2	239418051	239418704	Module_22140	ASB1
chr2	241758214	241759068	Module_22170	KIF1A
chr2	242302430	242303227	Module_22189	FARP2
chr1	242375665	242376165	Module_3696	MAP1LC3C
chr2	242709755	242710304	Module_22206	D2HGDH
chr2	242710786	242711387	Module_22207	D2HGDH
chr2	242710786	242711387	Module_22207	DTYMK
chr2	242710786	242711387	Module_22207	ING5
chr1	244012775	244014287	Module_3703	ZBTB18
chr1	244094289	244095042	Module_3705	ZBTB18
chr1	244211274	244212811	Module_3707	ZBTB18
chr1	244012775	244014287	Module_3703	AKT3
chr1	244094289	244095042	Module_3705	AKT3
