"","baseMean","log2FoldChange","lfcSE","stat","pvalue","padj"
"Module_29139",26.0936438032618,-1.79653998264156,0.53241740525692,-3.3743073853392,0.000740016838604402,0.0339182092869086
"Module_12872",42.3907059076039,-1.85765904712391,0.427757322237129,-4.34278725471847,1.40686355621971e-05,0.00262859462153815
"Module_35474",56.4962780551296,-1.20224872281664,0.362731846325379,-3.31442837180112,0.000918307041150616,0.0386939464777852
"Module_5502",116.527215740587,1.21976367805881,0.289586931269026,4.2120812314063,2.53028512661792e-05,0.00386580124501094
"Module_5503",88.965598374085,1.04140635412773,0.308329671494058,3.37757423436234,0.000731282115070489,0.0338321999869252
"Module_33302",59.6729413743053,-1.47341351367493,0.360772594504114,-4.08405055184458,4.4257396253561e-05,0.00567442738842807
"Module_19434",33.8554013811721,-1.50703881485997,0.45581349752681,-3.3062619317703,0.000945496576336293,0.0392294152337324
"Module_5514",41.2102884298503,-1.48282096810712,0.420012706571991,-3.53041930614296,0.000414901554903351,0.0240053692535205
"Module_5515",34.4155374664451,-1.4579996946471,0.451465396516206,-3.22948271539292,0.00124014377507416,0.0470478703066267
"Module_5516",35.9207500315519,-1.58231095041603,0.445951593568411,-3.54816749897609,0.000387921442717111,0.0230817192711232
"Module_12908",64.8637248402178,1.23698391869275,0.347646167910641,3.55816929071029,0.000373448602423615,0.0225349120617337
"Module_19444",22.4199683420372,-2.25878959933432,0.597517945610096,-3.78028746404926,0.000156647391085485,0.0128354596930213
"Module_19445",33.6303156567204,-2.49515379659404,0.508189091793995,-4.90989247287011,9.11263464039642e-07,0.000429496540934182
"Module_29202",82.2452868300822,-1.06713426048568,0.310333230561479,-3.4386722251914,0.000584574561592445,0.0293628599139602
"Module_17405",49.7091386319895,1.40623402325976,0.405824667749663,3.46512702408521,0.000529981092259218,0.0276370654127409
"Module_14450",47.2105695734812,-1.88556963183884,0.409100543832586,-4.60906166042757,4.04490368782887e-06,0.00121074698753849
"Module_35497",94.9811206420717,-0.96572689507927,0.300047919073726,-3.21857554640123,0.00128829029466965,0.0482455294585912
"Module_17451",42.8948599028549,1.36195823649548,0.421382682247903,3.23211725083241,0.0012287662576425,0.0469331112001108
"Module_38939",32.2268855512122,-2.04036377245981,0.491338708380153,-4.15266238474573,3.2862940122285e-05,0.00459048326451005
"Module_27560",27.844123547127,-2.49816607637369,0.546787968912795,-4.56880220195941,4.90519424076519e-06,0.00139712836841978
"Module_27561",26.2687499045924,-2.49625833560086,0.557093910389853,-4.48085733669927,7.43437950588606e-06,0.00173079435258462
"Module_13016",39.108901395132,-1.4286159846459,0.431936513568491,-3.307467509156,0.000941436320446257,0.0391717631545681
"Module_7661",50.4489524841512,-1.38331382060667,0.388309110749388,-3.56240371990511,0.000367474695225024,0.0223178109932316
"Module_29251",23.5898399647964,2.32637946728649,0.600849647159147,3.87181631592155,0.000108027349780078,0.010059205452816
"Module_16550",25.8058387887055,-1.72044881163862,0.523926507853506,-3.2837598133509,0.00102432179709536,0.041419863734055
"Module_177",56.2985420546383,-1.84911138668697,0.375216299654821,-4.92812116208184,8.30241280373042e-07,0.00041278470709259
"Module_178",52.1442630930328,-1.72753206642524,0.386430785395461,-4.47048250738444,7.80433271906053e-06,0.00177977744061927
"Module_179",45.2881462925897,-1.77895078011978,0.412214462697576,-4.31559525708566,1.59173392937522e-05,0.0029182451927683
"Module_180",32.6217521266113,-2.45546983104241,0.500665186513342,-4.90441496070943,9.37062065173098e-07,0.000429496540934182
"Module_29254",37.7556764202622,1.59709039668498,0.452640122790082,3.5283889259319,0.00041809737027827,0.0240773044041811
"Module_29255",38.26690339199,1.5657906547898,0.469134215023363,3.33761768945337,0.000844999279268391,0.0368309195513506
"Module_13059",20.5633618083844,-2.11454629697784,0.609151816078082,-3.47129605652657,0.000517952604948189,0.0271871837420031
"Module_14522",108.141783141033,-1.11013121070067,0.282110793751781,-3.93508945877992,8.31657126848345e-05,0.00855994040665592
"Module_14532",36.0251357057832,-1.46693299441286,0.452903364836234,-3.23895362301689,0.00119969078972727,0.0463049074024472
"Module_14546",103.332254985411,-1.07610834957033,0.287813482888195,-3.73890875011009,0.000184820792999137,0.0145740138221417
"Module_17616",97.8364380780179,1.44350488482141,0.308874055017364,4.67344168722835,2.96193829622966e-06,0.0010209874532229
"Module_33472",42.7330726240936,1.45231420804124,0.422143405733724,3.44033375463246,0.000580997243828931,0.0292332301037356
"Module_29266",24.158831794559,-1.83237335812783,0.560218921937851,-3.27081661538578,0.00107237425529881,0.0423949142923656
"Module_17650",72.1776653280149,1.10609309665877,0.342552362105667,3.22897524296612,0.00124234649125512,0.0470478703066267
"Module_7705",126.458148473052,1.13844598308304,0.29424575833001,3.86903107641816,0.000109268715944372,0.0101113202318997
"Module_17655",101.614598228677,0.946760864684324,0.291128059671624,3.25204264320044,0.00114578830173986,0.0447543995249495
"Module_19481",240.438789719892,0.848514364917235,0.249950861468355,3.39472470681866,0.000686976394852518,0.032271561958177
"Module_14591",20.0139413310478,-2.69628299663816,0.646875907314642,-4.16816110501188,3.0706687828126e-05,0.00441056628306453
"Module_14595",36.0466055059864,-1.97096376797307,0.480264466193001,-4.10391337838641,4.06219611529032e-05,0.00536758832639307
"Module_37165",37.3318397607039,-1.58666694711062,0.440935918272875,-3.59840711848904,0.000320172153948852,0.0205063973011695
"Module_29284",19.722368253377,-2.0835518107263,0.608967388446739,-3.42145055754252,0.000622880491786957,0.0305034663540544
"Module_7795",20.7953101645736,-2.20715347029923,0.627377484430488,-3.51806292873709,0.000434709263177623,0.0245698680656115
"Module_7799",44.5602270721917,-1.45719338741222,0.406463427439374,-3.58505412551433,0.000337008305596884,0.0212495097880263
"Module_7800",25.1667463856148,-2.02774497832938,0.554884474890239,-3.6543552218333,0.000257829100846861,0.0174703855554946
"Module_27715",47.6534831633491,-1.8640708387585,0.407273158735316,-4.5769547999355,4.71793347770993e-06,0.00137025604589251
"Module_7806",36.4138149317228,-2.13742326366197,0.464655543583612,-4.60001670738133,4.22457056386168e-06,0.0012517530598012
"Module_5716",77.0129765945071,1.33808455750199,0.34001147162874,3.93541003511507,8.30547727279321e-05,0.00855994040665592
"Module_5717",154.414404899969,2.41188720192957,0.613747774369818,3.92976936560957,8.50273777046512e-05,0.00867786817467945
"Module_5718",21.2074672866315,1.98975914181407,0.599376026984909,3.31971759335008,0.000901085515712412,0.0384192478457964
"Module_5719",100.472279917627,1.58130082112062,0.305568505660658,5.17494699822466,2.27975687949729e-07,0.000163108264154081
"Module_5720",58.0148197496713,1.86726999461808,0.381394215164609,4.89590539230431,9.7854138484806e-07,0.000441608199740507
"Module_16607",24.3426604643007,-2.02172575946299,0.554325127384377,-3.64718404341987,0.000265130024597204,0.0178639117332018
"Module_16608",25.9244053845826,-2.61336057527369,0.582458657707984,-4.48677436705542,7.23095815008955e-06,0.00173079435258462
"Module_16609",22.9175737417906,-2.04208768578867,0.578884265342022,-3.5276268643822,0.000419302776226263,0.0240773044041811
"Module_16610",29.2000008806676,-2.04847362783717,0.527443348357049,-3.88377943189166,0.000102845211828803,0.00976330564332078
"Module_16622",26.2763104398061,2.09910588000527,0.556241414335507,3.77373173932561,0.000160823690669878,0.0131409530420897
"Module_19500",49.9502576499522,1.4037031056953,0.401718669343485,3.49424413853936,0.000475406057837218,0.0260178382473824
"Module_19501",61.1196365572117,1.51593202955163,0.372583460601134,4.06870457187176,4.72752433490482e-05,0.00592637601880761
"Module_7825",29.7259462771701,-1.95476202768699,0.5002274723666,-3.9077462468003,9.31610736151144e-05,0.00920130280614736
"Module_5740",46.0612895422629,2.27466889263538,0.436822004836428,5.20731297290562,1.91594788106569e-07,0.000140506037857953
"Module_5741",34.8237811814312,1.52950871282716,0.462586580839841,3.30642689645317,0.000944940036554979,0.0392294152337324
"Module_17790",26.6504938268158,-1.72209515406832,0.51582488675394,-3.33852669440859,0.000842239373429682,0.0367652526490867
"Module_16631",58.3784742723165,1.58212687118688,0.373319936144542,4.2379919152625,2.25527888460781e-05,0.00353777277011152
"Module_325",39.8713140537056,-1.55661770459844,0.426216016242359,-3.65218022148023,0.000260023290201382,0.0175749382367911
"Module_349",90.3833573808653,1.74321208437384,0.31727358987376,5.49434979781155,3.92152523803639e-08,4.26051930861331e-05
"Module_5758",51.5993831152787,-1.46199924366658,0.388281023383613,-3.76531212091237,0.000166341161984432,0.0134420155527585
"Module_5759",44.3523470545412,-1.76018892957985,0.412083547047851,-4.27143704763213,1.94217355711735e-05,0.00321874119347346
"Module_5760",37.8963928481447,-1.65544682499475,0.458081605979248,-3.61386880282145,0.000301661749339189,0.0197179760281661
"Module_5761",15.5727194539626,-3.72234851144348,0.851282059012503,-4.37263827192769,1.22754021104589e-05,0.0024495690170626
"Module_5765",50.7149217029422,-2.9659691802506,0.438314830494969,-6.76675524964843,1.31702589028306e-11,6.43893957759388e-08
"Module_16648",25.5247199691805,1.8195779830217,0.544411462957848,3.34228447934533,0.000830918538444281,0.0365429751225256
"Module_31358",43.0640597372037,1.75562506237318,0.457548101267169,3.83702840752922,0.000124532071368885,0.0110030836793219
"Module_353",31.4503288739252,1.8005365843929,0.49578801832045,3.63166619171732,0.000281597220531401,0.0185210153970137
"Module_364",117.798128479226,1.08880283196634,0.284509396314558,3.82694858612874,0.000129741600536753,0.011240765458179
"Module_399",77.4317944419523,-1.13271227196145,0.321245880309177,-3.52599781473087,0.00042189045011758,0.0240773044041811
"Module_19622",35.3506538574073,-1.59981229021768,0.451645015288459,-3.54218963137653,0.000396820092336582,0.0233577624633275
"Module_33591",19.8756291331206,-1.97234643613794,0.609976425559034,-3.23347977641974,0.00122291994251747,0.0468893210882386
"Module_409",58.9112795584991,-1.37384796051721,0.35799595635023,-3.83760748172575,0.000124238861030655,0.0110030836793219
"Module_7910",26.3744701802474,1.83458760378222,0.536003468096832,3.42271592065667,0.000619988351184091,0.0304484013963861
"Module_31411",40.6122133253795,1.77095143493051,0.443739239859629,3.9909732470149,6.58027036546495e-05,0.00728398682643581
"Module_3918",50.9230828030705,-1.42798322281798,0.381564210373278,-3.74244539712205,0.000182238139600332,0.0144090932265125
"Module_5829",86.6439256032749,1.26085648573761,0.320174376401709,3.93803058167173,8.21531259308883e-05,0.00851547631115434
"Module_37191",32.1242363162397,-1.67379053480169,0.471402046389092,-3.55066454976769,0.000384259842627902,0.0230038331094834
"Module_7917",73.2614585856684,1.87892048785538,0.365249111425231,5.14421645140678,2.68639660214947e-07,0.000187625614112982
"Module_25225",36.7014360179914,-1.51627856626638,0.440606014587299,-3.44134786195924,0.000578823870692729,0.0292332301037356
"Module_7926",23.6116730185044,-2.4483269177966,0.614614939810879,-3.98351351262299,6.79038086484168e-05,0.00745135647726162
"Module_7927",21.7862785376056,-2.12825484800502,0.59731871818185,-3.56301382029866,0.000366621370005298,0.022312181053393
"Module_18064",83.3817987703986,1.00882954792569,0.314244386589598,3.21033434797109,0.0013258066059854,0.0491939689940286
"Module_29347",31.7567968130769,-2.13937949490374,0.492012085674048,-4.34822549525959,1.37243456765102e-05,0.00258070484663302
"Module_29348",40.6651273696183,-2.44152788209855,0.462248673850696,-5.28184940317894,1.27886303697212e-07,0.000104206023129278
"Module_29349",29.8160275323409,-1.93051162226058,0.500411877099282,-3.85784532823463,0.000114390995879956,0.0103886856753642
"Module_435",31.0403826277132,-1.97742885771639,0.492350352260338,-4.01630434230052,5.9117901569471e-05,0.00695794827592177
"Module_14776",37.6545183111171,-1.54253192501639,0.436800359336146,-3.53143465211601,0.000413311972777887,0.0239606589119892
"Module_25266",21.3220865674038,2.1914206295176,0.621376545411798,3.52671925855409,0.000420742633958428,0.0240773044041811
"Module_31454",16.7040099818501,-2.62955281842101,0.709752556811796,-3.70488671465016,0.000211485229983584,0.0154321087968618
"Module_454",58.3986188969176,-1.49927449125079,0.36902780114671,-4.06276840550216,4.84941370726669e-05,0.00600443556050694
"Module_3968",81.041246112253,-2.19493633496929,0.357419551767455,-6.14106397961509,8.19705572852962e-10,2.00377027283907e-06
"Module_457",131.475992139351,0.920088707824694,0.264732249135819,3.47554448250334,0.000509817435100878,0.0270606838600178
"Module_3981",56.0291660187709,1.39537587002892,0.381395399329258,3.65860697974568,0.000253589883147887,0.017380386991262
"Module_18111",63.6137631439082,-1.78440941383926,0.37403220447896,-4.77073736558329,1.83552741267125e-06,0.00071791148164398
"Module_19651",89.6067299658396,1.34319134072544,0.314308297619393,4.273483553883,1.92442484983946e-05,0.00320744764461311
"Module_18187",45.2287857361827,-1.31298114332029,0.402520865975953,-3.2618958526208,0.0011066979498208,0.0434009059626249
"Module_31478",25.5426783797623,-1.78011100186458,0.527322676044483,-3.37575280323128,0.000736140274424725,0.0338474385574595
"Module_23490",21.9274702831193,2.14858729726612,0.599597219419309,3.58338435816456,0.000339170958839613,0.0212495097880263
"Module_16721",36.4655045776512,1.85930010925148,0.468519040691389,3.96846221341983,7.2337924643865e-05,0.0078591136351968
"Module_16723",41.2630363442487,2.06874345008863,0.4568800749656,4.52797914254499,5.95504579747546e-06,0.00156002848731971
"Module_5890",20.2792182769309,-1.96337234651517,0.594553997941279,-3.3022607758313,0.000959088588771382,0.0396811067179404
"Module_5891",22.4434434228714,-1.93251931635721,0.572503659524875,-3.37555801470513,0.000736661589031625,0.0338474385574595
"Module_37245",61.8888411097842,-1.31875098878624,0.351224320936149,-3.75472571281867,0.000173531405713838,0.0139192641641358
"Module_5910",73.7967652559964,-1.32042380947753,0.330203685190349,-3.99881609048776,6.36601208605146e-05,0.00715829690293346
"Module_565",46.0901181509447,-1.58868713878529,0.430944919178655,-3.68652017481304,0.000227341426633227,0.0160462448723887
"Module_5913",54.2379281389944,1.72848626935088,0.389737808305906,4.43499766385044,9.20732873176533e-06,0.00200065022976003
"Module_5914",23.9320246872384,2.41341210409314,0.594151646815193,4.06194633479458,4.86652659723375e-05,0.00600443556050694
"Module_5915",25.2482748253164,1.94279188281958,0.559419083679744,3.4728738069504,0.000514917402166973,0.0271871837420031
"Module_5916",47.3482479951335,1.7704814520453,0.412933212694592,4.28757338382165,1.80635591251912e-05,0.00313536357028614
"Module_5917",24.8997868208083,2.27681028154,0.577476546509523,3.94268874693157,8.05731943115274e-05,0.00843039190678392
"Module_25308",32.1434641478481,1.91466019367282,0.498291532191988,3.84244979088892,0.000121812338684878,0.0108721101471434
"Module_19685",41.6240923285585,1.54756153447432,0.453894135355795,3.40952088588064,0.000650770947090978,0.0312543957975328
"Module_9542",88.1234399705959,1.08741445375176,0.329478417709888,3.30041178815314,0.000965430581320905,0.0398311401863114
"Module_583",34.6615214003227,-1.63426935248098,0.474089666960999,-3.44717353355737,0.00056648459033264,0.0288995808222916
"Module_10397",23.7618486822198,-1.77004124647079,0.549712712652518,-3.21993871658861,0.00128218003409658,0.048158091062982
"Module_24077",43.6433651574523,1.71370221024197,0.426886096436815,4.01442498255649,5.95908923524273e-05,0.00695794827592177
"Module_24078",28.7524599438928,2.1017881869543,0.529548863690431,3.96901651777122,7.21698796194771e-05,0.0078591136351968
"Module_9563",74.869263750128,-1.31303858049652,0.342848874986068,-3.82978821368416,0.000128253591345954,0.0111969965730423
"Module_4015",78.4712389979456,1.1056377965566,0.328450881101124,3.36621960900204,0.00076206012241039,0.0346041356513721
"Module_4016",153.081888648896,1.21764936094237,0.268919455204207,4.52793331749734,5.95633703483357e-06,0.00156002848731971
"Module_18302",25.9466429449564,-1.74963614584256,0.524628566657223,-3.33499976371992,0.000852994717509956,0.037069254879166
"Module_18303",45.8812525368029,-2.27207136605852,0.43308273761887,-5.24627552358836,1.55204744837342e-07,0.000117691349179778
"Module_33670",29.1899681198175,-1.66638992096874,0.492420141151255,-3.38408156309935,0.000714167843192967,0.0332530150987659
"Module_13391",49.7747950521077,-2.09888723610604,0.410701404908499,-5.11049441521548,3.21316810672454e-07,0.000219197844750367
"Module_13392",60.5286025286514,-2.13346767852291,0.371848781773023,-5.73746044924568,9.61067131574711e-09,1.40959716188063e-05
"Module_652",32.7755166014509,-1.64016043155069,0.472803868885972,-3.46900805912452,0.000522383783647134,0.0273379587402353
"Module_16767",113.650528400685,1.09400344708619,0.304704939780588,3.59036990957204,0.000330209005619452,0.0208769417286478
"Module_663",69.2290541282017,1.21838557041337,0.376352944900312,3.23734831073555,0.00120646059557507,0.0465050132859384
"Module_10442",26.6152062852448,-1.70206379636522,0.516962376941201,-3.29243262621182,0.000993246926435573,0.0406358512413683
"Module_10477",41.929988676933,-1.58782344276406,0.427967275860173,-3.71015152869501,0.000207135231686202,0.0154321087968618
"Module_10478",25.0480562923229,-2.41348131628166,0.563434904967264,-4.28351402265695,1.83964498642335e-05,0.00316698745075266
"Module_10479",21.9586748442917,-2.30526642691933,0.591801095852957,-3.89533990909019,9.80611137022625e-05,0.00953236691877356
"Module_9587",48.7524675277396,1.30980142321862,0.401441213735512,3.26274776580756,0.00110337676439993,0.0433285863546284
"Module_9592",45.0024558807334,2.06548928968187,0.431917310725782,4.78214055882843,1.73438331210525e-06,0.000689636041231141
"Module_24152",22.1923643160371,-1.91262837604629,0.569001524472891,-3.36137654080646,0.000775550190364292,0.0349976120445921
"Module_7990",27.4097175046337,2.61860956336903,0.57593618284879,4.54670090428497,5.449335192653e-06,0.00149393269664751
"Module_22561",86.6857531881026,-1.00129225224259,0.30975218169484,-3.23255915991912,0.00122686729499511,0.0469216756602172
"Module_27840",40.4999813571592,-2.01878161697625,0.442760850674043,-4.55953053189533,5.12681030542951e-06,0.00144605628364874
"Module_10520",15.8901915751101,-2.47459405102263,0.700631616110249,-3.53194745158808,0.000412511319425161,0.0239606589119892
"Module_33735",35.36099404396,-1.79730563683748,0.463916630471862,-3.87419962722481,0.000106975697328524,0.0100256393144885
"Module_35807",15.510491517848,-2.37156932277419,0.713782326446208,-3.32253858761368,0.000892023326244871,0.0381994339446234
"Module_27852",31.5653621604116,1.86510776617214,0.494951636123608,3.76826265446742,0.000164387684482949,0.013357751624994
"Module_16790",88.0134755138413,1.57252850558796,0.347236852590708,4.52869127759752,5.93501397715873e-06,0.00156002848731971
"Module_27865",40.0205238536169,1.50524524634303,0.436939577452457,3.44497345632833,0.000571115472196326,0.028996733077344
"Module_33750",57.0952735756947,-1.57919292361145,0.366451761675863,-4.30941555960726,1.63686540829541e-05,0.00295013493530532
"Module_33770",19.1544951961841,-2.0374012839622,0.617270718925487,-3.30066083080825,0.000964574112277254,0.0398311401863114
"Module_19774",48.8445973241692,1.57795176279409,0.404530643558571,3.90069772938133,9.5915849369221e-05,0.00939570442206294
"Module_19775",28.2538009519668,1.63231940693618,0.509216309730492,3.20555209199819,0.00134803644140568,0.0495665076236164
"Module_19776",28.8035968506872,1.87519096385522,0.514396065286674,3.64542244857602,0.000266952911391661,0.0179194432557505
"Module_9635",60.2906347149314,1.22945048866046,0.365744841522993,3.36149782329375,0.000775209676310558,0.0349976120445921
"Module_19777",41.2838402147688,2.46024206983132,0.466954682296854,5.26869557818736,1.37396602305587e-07,0.000108929511676543
"Module_817",128.94585471119,-1.76155608218142,0.273544309857689,-6.43974675655973,1.19673007472535e-10,4.38811000149918e-07
"Module_4075",16.6909891591619,2.68028387433497,0.742424031861792,3.61017930361652,0.000305985410829727,0.0199019424418608
"Module_37303",17.454166762622,-2.31675551571951,0.662847861120279,-3.49515424520487,0.000473787865603589,0.025977744391805
"Module_25336",102.885650680705,-1.15088961678674,0.295467312261216,-3.89515039067762,9.81378199178297e-05,0.00953236691877356
"Module_862",91.5987474096791,1.01867753332978,0.30452343153088,3.34515320613836,0.000822371303154157,0.0363852787431735
"Module_9662",29.9163423940526,-1.87159549764943,0.494266401272212,-3.78661283233507,0.000152714767151708,0.0125835252236747
"Module_8033",35.5220258036564,-1.78992181532418,0.470861475038904,-3.80137664729587,0.000143894371034706,0.0120599927998059
"Module_24272",65.8192114365255,-1.31307085944506,0.34293105787499,-3.8289645376002,0.000128683546087128,0.011201196263857
"Module_22637",43.3205046129914,-1.45602042746368,0.419749955504674,-3.46878042122264,0.000522826578484762,0.0273379587402353
"Module_13535",48.6311695435175,1.37105522518531,0.399936219372225,3.4281846923928,0.000607631922776054,0.0300577990264971
"Module_22644",47.0620605987186,1.41770456736245,0.416125284365164,3.4069176294473,0.000657009515943606,0.031337751448276
"Module_13561",22.6819639024986,-2.00090069327651,0.583206337094703,-3.43086239982266,0.000601665710558773,0.0298370554148767
"Module_11670",48.4558012113522,-1.83096927333556,0.407965702503838,-4.48804706400126,7.18790517827415e-06,0.00173079435258462
"Module_13568",35.2550587472684,-1.49810786097948,0.455184610370113,-3.29120938372975,0.000997576317414082,0.0406994488108827
"Module_5979",83.905673958715,1.27633610148914,0.319459452484893,3.99529922048402,6.4612595387504e-05,0.00720663830074922
"Module_5983",60.6472473538487,1.76162931476141,0.374781447703764,4.70041760485927,2.59629998571329e-06,0.000928778826596508
"Module_8072",30.6720083534952,-1.68213393707189,0.497538242423433,-3.38091385473902,0.000722451887799193,0.0334793107056896
"Module_8073",25.8063254663983,-2.32797302211387,0.560386261646232,-4.1542292904809,3.26385766210094e-05,0.00458095696938129
"Module_18361",42.7536822594602,-2.56567061706217,0.452633966787663,-5.66831215799092,1.44211054311217e-08,1.83925524659358e-05
"Module_18363",43.2362230447908,-2.20114433297028,0.432174484402462,-5.09318437902148,3.520989769559e-07,0.000228160606911866
"Module_8079",23.38927542177,-2.52648062534763,0.59087039625168,-4.27586259419144,1.90398634905764e-05,0.00319151631790039
"Module_35921",16.2550911097971,2.34679729675434,0.715611211868102,3.27943058721512,0.00104016795124249,0.0416834517510209
"Module_1019",116.808055232259,-1.0423273418377,0.279666036816607,-3.72704298921078,0.000193739423508217,0.0148973729602783
"Module_16869",16.6131732076145,-2.28221646896493,0.671287381807483,-3.39976071473281,0.000674448475081758,0.0319379330087497
"Module_16880",58.4670879296005,1.44754910153243,0.373593057406936,3.87466809897296,0.000106770120264348,0.0100256393144885
"Module_31712",51.5674108671624,-1.31214738779021,0.384858865600989,-3.40942486992261,0.0006510000624631,0.0312543957975328
"Module_37359",102.306273469522,1.32283581342106,0.294601899144651,4.49024876371058,7.11400403970923e-06,0.00173079435258462
"Module_37361",33.8967771837725,1.73503271793001,0.485185451425628,3.57601967007036,0.000348865413814994,0.0216355561286449
"Module_22766",60.5978052338566,1.42459737439531,0.361425071006931,3.94161193750721,8.09358477559011e-05,0.00843039190678392
"Module_4137",33.0633169397099,-1.51247737810438,0.462276088642714,-3.27180534590305,0.00106863123410573,0.0423611197584561
"Module_23596",33.3813823185618,-1.86162639545427,0.482290512800449,-3.85996893168109,0.000113401442132501,0.010362984123099
"Module_11722",46.2691545767503,-1.72910004753439,0.404187094320109,-4.27796946471769,1.88605885289635e-05,0.00317963507993457
"Module_9748",15.505357760561,-2.4526522133861,0.706434999477928,-3.47187245139138,0.000516841835313997,0.0271871837420031
"Module_6042",20.2632188182261,2.31575162164302,0.662463272900404,3.49566793567916,0.000472876781149247,0.025976343629648
"Module_6047",104.78367291479,1.48566109171146,0.334963108314407,4.43529766363693,9.19451550011438e-06,0.00200065022976003
"Module_10581",27.3179988986342,-1.85464100965979,0.522583262895354,-3.54898662346019,0.000386716724783829,0.023056805700831
"Module_10582",29.6094066288512,-1.84533495881081,0.49744255958934,-3.709644306137,0.000207550631997995,0.0154321087968618
"Module_6081",74.7262761951419,1.13239997574524,0.32763530715477,3.45628188115365,0.000547682258744788,0.0282349936344809
"Module_9760",58.7625422609349,-1.59653308026076,0.363408587521177,-4.39321781345557,1.11685128837144e-05,0.00230716307697802
"Module_29489",91.7336350653093,-1.21791962874391,0.307984700092929,-3.95448094784068,7.67009831983167e-05,0.00821148409174972
"Module_31823",26.0980947134626,-1.92213733012052,0.540751747402475,-3.55456517589373,0.000378604661169853,0.0227581744482715
"Module_33927",23.4130579283066,-2.01222627037484,0.560453272242958,-3.59035511082275,0.00033022775489509,0.0208769417286478
"Module_33928",22.2669763036657,-1.90104427021578,0.571334199164695,-3.32737699405208,0.000876676832961013,0.0379242713418359
"Module_22868",37.4862701652266,-1.79340356659565,0.444541178205824,-4.03427995992152,5.47699866070803e-05,0.00653667865608056
"Module_19894",33.4000310678115,-1.60083236339775,0.466234575662391,-3.43353420565906,0.00059576702744423,0.0296207287848289
"Module_19895",19.8138878746989,-2.09577943526497,0.609596246348308,-3.4379795607657,0.000586071934291252,0.0293877506333326
"Module_31840",27.2124850992383,1.8618696842118,0.529513276680611,3.51619074763035,0.00043778633706047,0.0246042533496206
"Module_31852",122.744312809918,0.961010552186934,0.284561407537278,3.37716403817352,0.000732373593498926,0.0338321999869252
"Module_37464",16.2613217198845,2.67437138702962,0.746314051508817,3.58343968148913,0.000339099097553579,0.0212495097880263
"Module_15249",57.8504528574444,-1.276095477882,0.361811108755073,-3.526965996906,0.00042035074326166,0.0240773044041811
"Module_15254",46.6955359543085,-1.68747454157921,0.40503747349517,-4.16621831806713,3.09694134552505e-05,0.00441056628306453
"Module_24548",50.4641217443458,1.40612927607221,0.389106458728458,3.61373923390331,0.000301812614598983,0.0197179760281661
"Module_24561",57.9903590723458,1.48930929033389,0.37288516394857,3.99401594464965,6.49634920196899e-05,0.00721832982918782
"Module_1176",49.7289522297208,1.51874975722845,0.397803645627162,3.81783770441331,0.000134626437031979,0.0115265870487679
"Module_1177",59.0230758540779,1.65717707189474,0.374843020415468,4.42098953865532,9.82499308969697e-06,0.0020884517919795
"Module_15314",85.9076581751901,-1.48471435324089,0.310510786422769,-4.78152263354681,1.73972411028515e-06,0.000689636041231141
"Module_24589",55.5249610184685,-1.37372697440489,0.38612828699376,-3.55769577282249,0.00037412225315553,0.0225349120617337
"Module_31876",25.7287301664558,-1.8882609890994,0.556620625712074,-3.39236618600646,0.000692917681179732,0.0324697240570707
"Module_24633",60.6319082674854,-1.45633973979261,0.357092650313132,-4.07832459871563,4.53614054995026e-05,0.00573548046949314
"Module_22887",22.1513062460049,2.16276271696294,0.600609611528157,3.60094589805203,0.000317061555502638,0.0203516054028761
"Module_36027",20.155428334385,-2.44142846747368,0.628519336036141,-3.88441266241854,0.000102577557147454,0.00976330564332078
"Module_36028",55.6981298348494,-2.17037432684085,0.398492787606143,-5.44645824050892,5.1382659392482e-08,5.02419643539689e-05
"Module_11747",92.0804591229219,-1.43326364502875,0.31037625245406,-4.61782637587871,3.8778048753365e-06,0.00119738450750653
"Module_11748",52.2355865449613,-2.10323365033393,0.396727839171903,-5.30145213586231,1.1488517039228e-07,9.62869025224898e-05
"Module_15394",21.6704944083516,-2.24319901349622,0.592269557279601,-3.78746296500469,0.000152193361300085,0.0125758874940189
"Module_27966",84.4314467869914,-0.996868047477149,0.306997976526566,-3.24714859282105,0.0011656751353621,0.0452899528751148
"Module_23676",29.0676118671253,-1.74344150625643,0.501058840373298,-3.4795145116241,0.000502323163517772,0.0269491589761916
"Module_18629",52.8707222803524,-1.26689226782969,0.372667718232835,-3.39952243204002,0.000675036424129843,0.0319379330087497
"Module_9812",34.3062311949501,-2.09516792337363,0.479116199596426,-4.37298493588497,1.22559183904922e-05,0.0024495690170626
"Module_9813",33.1853657666995,-1.55308513370683,0.468279094088662,-3.31658011923285,0.000911264550282872,0.0385729210937919
"Module_9814",22.0162726182152,-1.84906533979244,0.574421576302497,-3.21900397908922,0.00128636700211654,0.0482455294585912
"Module_27978",19.6697976567288,-2.06131962514321,0.613310803571626,-3.36097067447545,0.000776690715246113,0.0349976120445921
"Module_36073",34.0959488083576,-2.04294312741697,0.473254799992423,-4.31679325270379,1.58312311769672e-05,0.0029182451927683
"Module_36074",32.7782263960954,-2.02802087579944,0.48192968491907,-4.20812607992804,2.57497189814579e-05,0.00391369044871547
"Module_31912",25.7825429598616,-2.87867606761069,0.586769263179494,-4.90597624697,9.29637756301231e-07,0.000429496540934182
"Module_31913",25.2133258021968,-1.79984700354816,0.545983030898594,-3.29652553594189,0.000978887153677877,0.0402166327254718
"Module_15443",84.6309899644802,1.15444968314327,0.31304518233138,3.6878053019235,0.00022619661753626,0.0160271777265909
"Module_33970",23.4914454706312,1.89591889968638,0.572284680425654,3.31289472623351,0.000923357282827082,0.0386939464777852
"Module_19961",93.8463534404132,1.39916148623643,0.308270296032642,4.53874896233361,5.65889563399438e-06,0.00152291783970267
"Module_19964",47.2962706561898,1.3879031507,0.41190689785106,3.36945838474851,0.000753160631316986,0.0344667924478197
"Module_36102",26.545834634915,-1.9835993605573,0.535259021487159,-3.70586815154667,0.000210667876881389,0.0154321087968618
"Module_9837",56.240663198237,-3.40092688313847,0.44572060817595,-7.6301764395779,2.34432638501619e-14,6.87684701780649e-10
"Module_11872",16.9119965795123,-2.16152660551013,0.658440479291697,-3.28279726640645,0.00102782554378297,0.0414369055735239
"Module_23725",39.3251069661094,-1.5272821291407,0.435885942892025,-3.50385726827403,0.000458571073021617,0.0254767497273032
"Module_9843",56.068833732804,-1.20278593882854,0.36262295197818,-3.31690515525038,0.00091020509612523,0.0385729210937919
"Module_23744",67.1243705452834,-1.26145871817139,0.338064460907493,-3.73141475677495,0.000190407440530506,0.014835385542361
"Module_6104",37.8392090799354,-2.01462067509206,0.449906288786239,-4.47786733661163,7.53924266484402e-06,0.00174138696323255
"Module_16926",22.5405523864242,2.07284148568012,0.590317291455885,3.51140228430023,0.000445749301448909,0.0249059238260996
"Module_16927",34.8637158025963,2.00172879305629,0.495031423695709,4.04363985242022,5.2627740059705e-05,0.00640573496643728
"Module_16928",30.0377327829407,2.21695940306047,0.523362216614211,4.23599437002283,2.27542477933252e-05,0.00354491140466782
"Module_16929",30.5451870152566,2.84762892118965,0.562340952404006,5.06388323492367,4.10801319299362e-07,0.000245927467353622
"Module_16932",22.193609328079,1.94534611487006,0.584933180751222,3.32575784531779,0.000881784997580989,0.0379827916579159
"Module_4207",19.1445351073126,-1.9596154490674,0.610944868907929,-3.20751601133868,0.00133886607496907,0.0493432541985034
"Module_6141",182.36904315377,0.836415176058403,0.258876524824202,3.23094253766886,0.00123382741782565,0.0470040174993476
"Module_24905",18.9248812132557,-2.8688824386307,0.695172589289614,-4.12686357723392,3.67744400276128e-05,0.00501022037782993
"Module_34056",28.5729171077072,-1.89988168509013,0.51058101855738,-3.72101902741732,0.000198420485736196,0.0151564418632018
"Module_25570",24.1993596734286,-2.18604674894631,0.592469617733442,-3.68971957973013,0.000224501381296105,0.0159455775276996
"Module_25572",56.3224480585897,-1.2225130045439,0.373394132556525,-3.27405520856392,0.00106015896095259,0.0422536725007927
"Module_24923",114.184581514194,1.13715378930604,0.288104928611799,3.94701262066319,7.91323871163023e-05,0.00843039190678392
"Module_24924",209.544828688511,0.792138797122314,0.238773353561149,3.31753432829953,0.000908157550660487,0.0385526680044497
"Module_34068",40.9052003602168,-1.437460225253,0.418551965050261,-3.43436501386485,0.000593943809637812,0.0295802168283796
"Module_24927",14.5023080854201,-2.83587494515313,0.766183588244131,-3.70129951706761,0.000214498098770367,0.0155406429805952
"Module_15593",97.9080932761723,1.02797893660643,0.31056186536503,3.31006170187108,0.000932754072420833,0.0390319657066943
"Module_23856",136.732089883829,-1.3104795209617,0.26515717916593,-4.94227433360057,7.72164585418484e-07,0.000404476356226175
"Module_23857",72.399839278245,-1.11428313483174,0.335285069579924,-3.32339026079455,0.00088930405061769,0.0381524988708945
"Module_25575",25.2843443024037,-1.94490320461696,0.543836082950255,-3.57626730846189,0.000348535268663102,0.0216355561286449
"Module_25576",26.1958790325201,-2.07294394752726,0.540562128485156,-3.83479315011649,0.00012567000888195,0.0110371378459374
"Module_25579",23.5855608150044,-2.62791895447476,0.59179789323925,-4.4405682826795,8.97216296276267e-06,0.00197886788232842
"Module_25580",68.7715662172417,-2.90708744463389,0.390749829247942,-7.43976638512939,1.0086351203882e-13,9.8624342071558e-10
"Module_25581",32.2965477098414,-3.13784347773363,0.555004353697594,-5.65372768128473,1.57004895564453e-08,1.91899233603653e-05
"Module_25582",22.3941588879423,-1.90891452353418,0.569796599197696,-3.35016833414244,0.000807624633778987,0.0359497132128571
"Module_25584",29.7561000614541,-2.01754850488676,0.502769674061013,-4.01286833509757,5.99853751066452e-05,0.00695794827592177
"Module_1379",49.267765311987,1.40516566473453,0.396908328969816,3.54027759604256,0.000399706365841441,0.0234073524920848
"Module_1384",37.7971559875902,1.76197438390926,0.45262910071627,3.89275541745105,9.91120622099265e-05,0.00956366195021705
"Module_13583",50.8100301353883,-2.65210638542672,0.429289436871292,-6.17789807444496,6.49606281244399e-10,1.90555506540232e-06
"Module_1393",44.3396583193821,1.34578072176266,0.417365700319086,3.22446411081164,0.00126208674965784,0.0475250997618268
"Module_16961",84.2639258827011,1.03358286950202,0.31445734282528,3.28687783282676,0.00101304772002588,0.0411102014371425
"Module_23053",27.0295110369916,-1.94423974968862,0.525644666816604,-3.69877195076148,0.000216645142730215,0.0155641955807588
"Module_20041",59.1011936739862,-1.2299997214762,0.358533282623748,-3.43064307021949,0.000602152342183372,0.0298370554148767
"Module_18913",32.3727122084411,-1.56380738206865,0.482233574213479,-3.24284219450961,0.001183437389185,0.0458634896549875
"Module_39326",27.4201614559138,-1.75374969931872,0.521778088968805,-3.36110261506892,0.000776319778318451,0.0349976120445921
"Module_36115",29.9359598223905,-2.36939590204142,0.520945230839226,-4.54826296849748,5.40905203791673e-06,0.00149393269664751
"Module_36116",15.3940245415078,-2.97239931802417,0.757474221068985,-3.92409303887513,8.70570884132654e-05,0.00880597459143009
"Module_15703",44.8186630532646,-1.40709695624611,0.412842156804737,-3.40831703607156,0.000653649031457284,0.0312791854629168
"Module_25669",38.5310879817549,1.9310339133303,0.455211361068043,4.24206001537307,2.2147744358725e-05,0.00352272007430729
"Module_8232",89.0042568904594,1.33837893940394,0.314439807617246,4.25639154770471,2.07752741582896e-05,0.00336697177988545
"Module_8238",78.6400463138923,1.07155577782459,0.32737876833356,3.27313766643778,0.00106360660344974,0.0422762006850877
"Module_8239",64.0283131358598,1.15909195690742,0.349648378709769,3.315021683168,0.000916360163038025,0.0386939464777852
"Module_8242",29.8269082169219,1.64155152328801,0.509010610653135,3.22498488033807,0.00125979321924922,0.0474997098887616
"Module_25703",28.8785842596995,1.9113257656765,0.522176246078779,3.66030776012769,0.000251912494022309,0.0173058573762305
"Module_8291",47.2455138470766,1.33731041936595,0.40353872576521,3.31395807634093,0.000919852980180437,0.0386939464777852
"Module_25711",74.9361831603507,1.10124799731813,0.328151253957753,3.35591585903221,0.000791026310512502,0.0354800700192259
"Module_34095",33.2968102420618,-1.82750934008413,0.470230645590885,-3.88641054601559,0.000101737392147172,0.00976044334923446
"Module_13651",50.1641693662393,-1.61695687863233,0.39458883878102,-4.09782720572508,4.17046408655993e-05,0.00545668871661178
"Module_25733",50.0723450612722,1.31313527942132,0.392800683704637,3.34300660334063,0.000828759277249651,0.0365400496870835
"Module_23162",61.0391352932313,1.60767167168322,0.368110959566803,4.36735617319068,1.25759556443416e-05,0.00246914068032343
"Module_13666",31.6107862275603,-1.8275765525006,0.485569138193696,-3.7637823509524,0.000167362562393834,0.013487399465002
"Module_34128",43.7846701667418,-1.35065294913118,0.407687672211398,-3.31295999657017,0.000923141826603994,0.0386939464777852
"Module_34129",89.6488868229123,-1.27140973298714,0.303172909848097,-4.19367856324688,2.74466835252138e-05,0.00408690870319097
"Module_19164",80.4225785426607,1.11218784932242,0.319520277160879,3.48080522214379,0.000499908883278062,0.0269070223524379
"Module_1435",38.0455441514231,-1.40903571828118,0.435390599239381,-3.23625664114645,0.00121108444478372,0.046621983075178
"Module_17014",30.1821060176286,-1.96348302501423,0.495014414702295,-3.96651686637262,7.29306168960911e-05,0.00789426832483371
"Module_4304",14.6934597213675,-3.12905896657575,0.793636460254886,-3.94268550309649,8.05742844768326e-05,0.00843039190678392
"Module_25767",19.5250245916725,-2.2826839871189,0.623393447514506,-3.66170673788768,0.000250540562389693,0.0172845973064704
"Module_25775",30.4432422942976,1.86495331602096,0.504060699265875,3.69985860579315,0.000215719621320411,0.0155641955807588
"Module_8341",31.3482049009759,1.60433152532427,0.484183612733449,3.31347753854586,0.00092143507811477,0.0386939464777852
"Module_32119",20.0098997502638,-2.35761416020413,0.688082707230067,-3.42635287216402,0.000611745075863212,0.0302103199585378
"Module_11971",26.8520922293275,-2.50994851850872,0.55254440593683,-4.54252815075222,5.55835711663169e-06,0.00150971155240068
"Module_1464",64.5550093751298,1.1826562815004,0.348201089974439,3.39647495528293,0.000682598036181457,0.0321918501500753
"Module_9993",72.0459827627261,-1.23255065996174,0.330671006432704,-3.7274228341292,0.000193447761835646,0.0148973729602783
"Module_9995",22.7793681238751,-1.89557020815874,0.559314957450251,-3.38909264433062,0.00070124313968407,0.0327552010501473
"Module_1479",39.6152399230043,2.2400792288268,0.484992952446016,4.61878717521394,3.85989501262443e-06,0.00119738450750653
"Module_8431",127.117153309462,0.91567689836481,0.271852747688876,3.36828266828027,0.00075638004073501,0.0345064574104522
"Module_1504",47.6831502699402,-1.60694440208764,0.400202512011073,-4.01532812478494,5.9363147116672e-05,0.00695794827592177
"Module_29612",77.6744725081968,-2.39936974594274,0.349037779065796,-6.87424081245498,6.23208551590822e-12,3.65623993047303e-08
"Module_8447",46.6815370267104,1.7117305357284,0.410319228939001,4.17170440721135,3.02329674158052e-05,0.00441056628306453
"Module_13699",64.4975738625667,1.25170967772302,0.366951438369329,3.4111044319254,0.000647003055875387,0.0312543957975328
"Module_15730",54.1290038994206,-1.56027494197482,0.380179152498135,-4.10405181799775,4.05976469279721e-05,0.00536758832639307
"Module_19284",188.963745157508,0.804104441551796,0.241960425608053,3.32328908552322,0.00088962668670116,0.0381524988708945
"Module_17063",23.5164580060466,-2.53346856616942,0.590735394384685,-4.28866898826725,1.79747015652137e-05,0.00313536357028614
"Module_12007",40.3153566497821,2.52549887190721,0.481526560173365,5.24477584579748,1.56472442149429e-07,0.000117691349179778
"Module_19337",53.0296743328145,1.27307308507433,0.383630057681211,3.31849149873504,0.000905050774291115,0.0385260664239441
"Module_23237",24.1272518120028,2.02405783054118,0.566851488363119,3.57070215407919,0.000356025556890534,0.0218944521715449
"Module_28090",17.7030227525045,-2.46962901989603,0.672566996713139,-3.67194499873649,0.000240711494814615,0.0166927446545908
"Module_28091",16.9965686560123,-2.24680147204195,0.685706318066902,-3.27662355274191,0.00105056336754214,0.0419853212853965
"Module_17076",44.7329072766398,1.49912331087041,0.416258621206102,3.60142285228045,0.000316480340864804,0.0203516054028761
"Module_17083",31.1995666918418,-2.00900765098355,0.497763574291618,-4.03606803459378,5.43544602337314e-05,0.0065345644938372
"Module_13709",35.5943034180242,-1.43755895409363,0.447896753698273,-3.20957663172089,0.00132930607316312,0.0492346772098069
"Module_13734",26.4490821678759,1.83859571278131,0.534963955781841,3.4368590498667,0.000588501769629462,0.0294576292107116
"Module_25863",33.4878892060306,-1.6272316720454,0.477228199397488,-3.40975590734122,0.000650210450150167,0.0312543957975328
"Module_6277",26.3279218564143,-2.14092561812502,0.582826184086206,-3.67335180982252,0.000239389532403944,0.0166404088709415
"Module_6278",24.3736036756826,-2.30450356307579,0.589555278204564,-3.90888462587247,9.27232305334107e-05,0.00918899744752389
"Module_10732",107.498095724059,1.11168496175229,0.318624826983325,3.48900922843176,0.000484814411004915,0.0263361961711448
"Module_17101",24.4139910665076,-2.33455303688984,0.57241582213081,-4.07842157157624,4.53424928388522e-05,0.00573548046949314
"Module_17103",21.4036725163057,-2.39414306272655,0.618448185820849,-3.87121042250107,0.000108296255370525,0.010059205452816
"Module_17105",36.8778908960914,-2.91592265112343,0.504253785210344,-5.78264900858817,7.35333845515404e-09,1.19834905690827e-05
"Module_17106",46.8778970261635,-1.92961630664626,0.41499640611248,-4.64971811375942,3.323890043342e-06,0.00108336656145994
"Module_13759",28.3375836013689,1.70641588053438,0.510777037748664,3.34082340125487,0.000835303356111582,0.0366114729292276
"Module_10740",15.029302324571,2.7522123663353,0.78000693995694,3.52844599881026,0.00041800722450596,0.0240773044041811
"Module_10741",17.2077253095604,2.67234294320025,0.720854726631085,3.70718654463077,0.000209574571035667,0.0154321087968618
"Module_25892",68.2480353575602,-1.31771066037424,0.336419970314477,-3.91686218610172,8.97089976722103e-05,0.00901206759491992
"Module_25897",22.8150310868298,-1.89207494794556,0.560562881175566,-3.37531258576675,0.000737318921327355,0.0338474385574595
"Module_25899",41.9774594243272,-1.58974223005769,0.42019515515665,-3.78334259819113,0.000154736193343668,0.0127143739370957
"Module_25900",34.6308686972402,-2.51989891266702,0.495166529198595,-5.08899282175912,3.59970237381295e-07,0.000228160606911866
"Module_12039",38.6653246908651,1.73196322443081,0.44741303989869,3.87106112245406,0.000108362614136833,0.010059205452816
"Module_25921",94.7083132005279,1.01383283055134,0.307998812014723,3.2916777305715,0.000995916649503362,0.0406883272932195
"Module_17111",59.4765088824888,1.26257446144877,0.366578771170946,3.44421052374579,0.000572729562616899,0.0290163194987981
"Module_17113",17.3084541769863,2.50942025594015,0.720407683593422,3.48333355277814,0.000495210950692424,0.026752335225804
"Module_12055",91.3111330071746,-1.43752159869274,0.304462534845823,-4.72150571636238,2.34105050399839e-06,0.000858404693553609
"Module_36210",18.4029047255585,-2.71308571329606,0.672701033274888,-4.03312255979158,5.50405545800742e-05,0.00653667865608056
"Module_29662",97.0995152067309,1.03720865343701,0.300605187254232,3.45040171432505,0.000559752946502478,0.0287059317005309
"Module_10015",38.0578244382096,1.52415204180708,0.442934544563243,3.4410322259014,0.000579499509987663,0.0292332301037356
"Module_23308",44.6778447216679,1.31416811891612,0.406460389040131,3.2332009572189,0.00122411420313074,0.0468893210882386
"Module_10778",26.5737653022472,-2.1288605734828,0.539455724571778,-3.94631195205631,7.93641993380855e-05,0.00843039190678392
"Module_6358",58.1331241147138,-1.32706068170189,0.359402948076075,-3.69240343966514,0.000222144695723479,0.0158345484026213
"Module_23363",27.9264678303779,-2.32591941527185,0.532989320604849,-4.36391373214072,1.27755974280985e-05,0.00246914068032343
"Module_23399",39.2604211593193,-1.60337916774776,0.433539049528035,-3.69835005518708,0.000217005481675578,0.0155641955807588
"Module_25945",35.9544803858543,-2.67309914853819,0.498144056869643,-5.36611671197295,8.04498947100436e-08,7.61263616588523e-05
"Module_25946",27.0159960450289,-2.26963842152402,0.537081862340558,-4.22587054352036,2.3801880525461e-05,0.00365552022687892
"Module_1567",21.3246096184764,-2.21646152857864,0.594716640297669,-3.72692031531059,0.000193833706181555,0.0148973729602783
"Module_1570",62.4155373490542,-1.27318814740368,0.349700785034185,-3.64079293467761,0.000271799668928455,0.0181203897462439
"Module_1571",30.7351879780681,-1.65047205380201,0.482743617939194,-3.41894121945679,0.000628653052516588,0.030734847737536
"Module_39468",35.543941762982,2.25213150803374,0.486242252487411,4.63170671925935,3.62663644422984e-06,0.00114391132747353
"Module_12091",29.2120095107979,-1.64390872786757,0.494288910823456,-3.32580539816059,0.00088163458323354,0.0379827916579159
"Module_20165",20.8181825618817,2.23427791458695,0.625104144320245,3.57424908295332,0.00035123445131938,0.0217285928415406
"Module_12096",110.325446463321,-1.08043415480156,0.283827829535417,-3.8066533382934,0.000140859971015971,0.0118395025495201
"Module_15932",56.7640686262638,-1.49984769551202,0.366883327910711,-4.08807809298174,4.34961742507252e-05,0.00562077874656728
"Module_1582",34.7739855598246,-1.62250631984893,0.455054462595029,-3.56552116991952,0.0003631338465552,0.0221920171976046
"Module_1583",21.0250307275137,-2.02645223176263,0.612597056317559,-3.30796926113885,0.000939751238435922,0.0391717631545681
"Module_1584",34.5360630141992,-2.51904553203354,0.496740032925848,-5.07115465849635,3.95409263407719e-07,0.000241644486100042
"Module_1585",33.4692065487479,-1.93399393491824,0.474396835584314,-4.0767429077307,4.5670941560239e-05,0.00574983433359678
"Module_25971",23.8894868514404,1.87453377472368,0.564936525461261,3.31813166654989,0.000906217557527833,0.0385260664239441
"Module_6456",80.5266850686542,-1.17225797377817,0.31564498435892,-3.71384952040041,0.000204130202890368,0.0153932014693729
"Module_20189",39.7531445461395,-2.09248426659571,0.464932387639874,-4.50062056811689,6.77553592409423e-06,0.00171339285170155
"Module_20190",29.3139758986841,-2.21638352697147,0.522713091429292,-4.24015308457467,2.23367400907192e-05,0.00352272007430729
"Module_6474",163.047721954409,-1.38351973652764,0.250137325441785,-5.53104073566034,3.18336381079931e-08,3.5915690009995e-05
"Module_25988",17.0449863423406,2.29665269934184,0.712458484081664,3.22356003985572,0.00126607754236525,0.0476142546509515
"Module_20200",48.7234105962561,1.37042123340097,0.398853390680175,3.43590217714823,0.000590584174849252,0.0294629186820203
"Module_6503",73.9813833528361,-1.41315132694127,0.336025203634668,-4.20549206326104,2.60514731519053e-05,0.00393914388370098
"Module_12136",16.8197941111041,-2.46179603360175,0.698111962537883,-3.5263627694507,0.000421309442682243,0.0240773044041811
"Module_12145",44.5987959991844,-1.3350336278916,0.402781384680747,-3.31453656665334,0.000917951727578773,0.0386939464777852
"Module_10821",51.7811613095217,1.23811324633666,0.383327736900769,3.22990779729871,0.001238301456517,0.0470478703066267
"Module_36255",249.214230230238,1.33547690507002,0.233328620555233,5.72358805315908,1.04297471260185e-08,1.45688667711727e-05
"Module_12175",167.497721028058,1.1710541614338,0.247107731073267,4.73904299289843,2.14729945590693e-06,0.000818037431682779
"Module_12176",64.5511686400366,1.4206691162659,0.351797171726523,4.0383187542232,5.38356660803117e-05,0.00650157701145998
"Module_10844",108.732756918336,1.06273556297511,0.305251666531415,3.48150617833152,0.000498602278819511,0.0268860280273742
"Module_34196",32.8365750127864,-1.70671940891345,0.476345493009609,-3.58294438377109,0.000339742963475297,0.0212495097880263
"Module_12203",55.2889249323566,-2.03906701780376,0.384095733304972,-5.30874685917102,1.10381510833407e-07,9.52332717290344e-05
"Module_15995",37.3869069919732,-1.50407200160805,0.441770753091335,-3.40464367793287,0.000662504382773888,0.0314974125839372
"Module_15997",46.0156515072735,-2.0226269260005,0.416915948410913,-4.85140214402879,1.225916917925e-06,0.00052117459232481
"Module_20233",29.5075468209766,-1.59470783182397,0.490505595283905,-3.25115115333384,0.00114938732265518,0.0448352762270839
"Module_20234",32.514383140066,-2.23670560972385,0.491844733684888,-4.54758474888306,5.42650710077891e-06,0.00149393269664751
"Module_29717",23.5807298071225,-2.1351173406043,0.573132488127667,-3.72534690465618,0.000195046801333161,0.0149386497919241
"Module_36282",29.9138457594315,-2.01889367936072,0.528844349193432,-3.8175574390458,0.000134779414935822,0.0115265870487679
"Module_6677",29.1518085222416,-1.80207733884428,0.504325490556289,-3.57324262324421,0.000352587788660711,0.0217285928415406
"Module_6683",124.841247873777,-0.926723673403293,0.266902158906022,-3.47214753601749,0.000516312503202621,0.0271871837420031
"Module_8636",23.5572236335395,1.97405561935139,0.593342737654052,3.32700729961974,0.000877840739111835,0.0379242713418359
"Module_1672",17.1989300691705,2.59687117401156,0.710436633596194,3.65531709825595,0.000256864285523783,0.0174703855554946
"Module_1675",71.3061548084454,1.71459735674734,0.35064439658383,4.88984673205072,1.00914520696529e-06,0.000441824858225668
"Module_12263",38.8462229875843,-1.64078370205994,0.435093748642581,-3.77110383033291,0.000162527025904977,0.0132432438274905
"Module_6715",44.7433728948472,-1.63589305700834,0.409106139219856,-3.9987008264601,6.36911260539181e-05,0.00715829690293346
"Module_4406",61.2371854031893,-1.33858647330424,0.351558439801879,-3.80757883115707,0.000140334011424313,0.0118395025495201
"Module_6725",62.4738349606938,-1.57397874880387,0.355270002846698,-4.4303733391278,9.40700867449373e-06,0.00201419848509196
"Module_6726",27.5033725145387,-2.42743819517654,0.562934434743451,-4.3121153110536,1.61700059789683e-05,0.00294615500240408
"Module_10888",87.5382791820284,1.20410674686755,0.313390151693446,3.84219714742468,0.000121937827722444,0.0108721101471434
"Module_10891",20.7171168574024,2.13733299006901,0.626560143727748,3.41121760052092,0.00064673456071336,0.0312543957975328
"Module_10924",39.9011989966175,-1.8119435951033,0.449264098454755,-4.03313685944522,5.50372040062748e-05,0.00653667865608056
"Module_10928",54.0646641758902,-3.46147676149668,0.465193275691489,-7.44094324310977,9.99688943552367e-14,9.8624342071558e-10
"Module_10929",37.5639720451808,-2.33272373340297,0.46986965117248,-4.96461886308693,6.88361174693954e-07,0.00037668260265126
"Module_10930",42.9812862854603,-2.80596288768286,0.466691421725782,-6.01245867624192,1.82730421962523e-09,3.82872442703475e-06
"Module_13993",36.9669308001953,-1.81630772347977,0.4622489593898,-3.92928461294411,8.51989511934166e-05,0.00867786817467945
"Module_37526",31.8662096645836,-1.68364565838971,0.475333879587402,-3.54202746888387,0.000397064123594227,0.0233577624633275
"Module_16036",68.2844982340938,1.22311940835094,0.355056309358107,3.44486036753486,0.000571354459627219,0.028996733077344
"Module_14012",21.8311168386313,-2.3436785494165,0.603196945208379,-3.88542841278293,0.000102149591198438,0.00976044334923446
"Module_4468",106.322581746551,1.18968289327737,0.3082006534768,3.86009205320172,0.000113344318490638,0.010362984123099
"Module_10941",25.0155681347782,-1.75026328519942,0.545679273217237,-3.20749453223713,0.00133896605788534,0.0493432541985034
"Module_37567",35.9630916979564,-1.79456182893494,0.456487148930333,-3.93124282499531,8.4507863377194e-05,0.00866767015491821
"Module_20323",80.5086511708095,-1.17760120649067,0.323305759810968,-3.64237620504872,0.000270132897164379,0.0180502924952617
"Module_34255",67.501774813615,-1.18344209941666,0.339121778748615,-3.48972603229332,0.000483515965341527,0.0263323985743765
"Module_34258",47.9141979427224,-1.29750444010375,0.396752529588445,-3.27031170147715,0.00107429037419103,0.0424135044906054
"Module_34271",38.8784933088082,-1.44988428939602,0.43226245495351,-3.35417585492582,0.000796017560326744,0.0356281487426732
"Module_34272",63.4311503276995,-1.31525557319349,0.350580455330114,-3.75165116365378,0.000175673782009856,0.0140414570067497
"Module_34273",40.6905736434352,-1.50544020209839,0.431059294467271,-3.49242023410933,0.000478664535434769,0.026147384511068
"Module_20342",20.2984677754666,2.49710931741179,0.655937198130053,3.80693353651927,0.000140700538117389,0.0118395025495201
"Module_4538",17.2853159332055,2.33256865033796,0.688074512790197,3.38999426221909,0.000698940865534438,0.0326997310200753
"Module_12321",53.5662985075477,-1.49003164349259,0.392632731418396,-3.79497562037127,0.000147657964877417,0.0123401673553109
"Module_12322",50.0665689754694,-2.03623978022594,0.424523513973179,-4.79653002296262,1.61437770374367e-06,0.000657724382800235
"Module_34287",38.4234304211502,-1.43759302271412,0.438277539565667,-3.28009741073834,0.00103771250549577,0.0416834517510209
"Module_34289",32.8961997342681,-1.94529318246796,0.49305957659353,-3.94535118029282,7.96831090392282e-05,0.00843039190678392
"Module_36330",34.723143837627,-2.72846180863217,0.510558149062167,-5.34407650459409,9.08791813975692e-08,8.33078095973842e-05
"Module_10963",33.0972387871083,-1.7783195386931,0.479833860629139,-3.70611514652476,0.000210462644088047,0.0154321087968618
"Module_4559",73.7588111804087,-1.29821263986928,0.339277917003493,-3.82639887480775,0.000130031531097294,0.011240765458179
"Module_29793",18.4606090794936,-2.66656983490519,0.681429900810336,-3.91319757429809,9.10819520138376e-05,0.00908774823256433
"Module_28186",17.7302658964532,-2.54886538415938,0.689904729454039,-3.69451791724409,0.000220304359722582,0.0157619709465908
"Module_6890",68.9527972296922,1.17687378752459,0.345890050150307,3.40245053887262,0.000667844424497454,0.0316999164210491
"Module_26092",30.2034645615227,-2.09686508430512,0.500528935571905,-4.1892984306876,2.79818209211007e-05,0.00412471726080184
"Module_37628",43.2603809727112,-1.92578803727989,0.421510347518667,-4.56877998041223,4.90571425469549e-06,0.00139712836841978
"Module_8698",25.6823176875317,-1.68671539126522,0.524757687231735,-3.21427476396426,0.00130774468381431,0.0488058302226576
"Module_10039",16.4602877492546,-2.38656708331521,0.68220366937313,-3.49832050230425,0.000468198126298551,0.0258646399940522
"Module_11060",55.6448188819147,1.21399408389526,0.378170383087144,3.21017757653305,0.00132652994730608,0.0491939689940286
"Module_36369",55.763559980258,1.82374421960309,0.403991150582397,4.51431724921193,6.35210696130382e-06,0.00162909566104579
"Module_36372",33.5979538118747,1.69896978975517,0.475404548486984,3.57373482261011,0.0003519253439702,0.0217285928415406
"Module_14070",46.5659321494467,1.30646029465001,0.403067464465233,3.24129434853628,0.00118988252563079,0.0460475118823927
"Module_28237",29.7826847673012,2.10458151800783,0.518152897811158,4.06169979343596,4.87166995091243e-05,0.00600443556050694
"Module_28238",29.3343299944438,1.94452170533341,0.526669028666413,3.69211326182814,0.000222398375328288,0.0158345484026213
"Module_28239",30.1296278256464,2.20417640663004,0.521179288645887,4.22920951513033,2.34513868887219e-05,0.00362064727891458
"Module_29856",27.7169606955376,2.68216001989116,0.57594257634888,4.65699208572909,3.20862774467927e-06,0.0010695668893457
"Module_16444",114.712178436871,1.03239356656241,0.281392635140172,3.66887202306533,0.000243622987445631,0.0168548035701183
"Module_37681",24.1334363461782,-1.73762640252989,0.54056043125285,-3.21449055844249,0.00130676212278008,0.0488058302226576
"Module_29873",29.0706290874723,-2.06105600864329,0.514227543148352,-4.00806225980137,6.12189832150037e-05,0.00701483458448796
"Module_10092",23.3829041440227,-1.93218139654564,0.555785193705679,-3.47648951146555,0.000508024099135908,0.0270606838600178
"Module_36398",29.0859917750029,-1.74470838039198,0.498608652874887,-3.49915383604417,0.000466737212260569,0.0258548538550481
"Module_8752",15.4582963425837,-2.27558189350355,0.695501441213868,-3.27185791237462,0.00106843257281524,0.0423611197584561
"Module_36408",120.431810700882,1.12622529928649,0.297341231901609,3.78765263089768,0.000152077263728003,0.0125758874940189
"Module_1737",132.232716546879,0.896771140089396,0.279793899530511,3.20511326942496,0.00135009339303435,0.0495665076236164
"Module_1738",96.7754972321432,1.14251118158101,0.330896110847481,3.45277911745425,0.000554843127555716,0.0285039725108921
"Module_12556",95.9708448108793,1.27628538595516,0.306139079713554,4.16897243941985,3.05975981566926e-05,0.00441056628306453
"Module_14160",51.7917335077408,-1.54093465456915,0.390644105788918,-3.94459978208858,7.993336500035e-05,0.00843039190678392
"Module_1761",32.3967369602831,2.06086083880841,0.536846952578479,3.8388237632906,0.000123625122632274,0.010989149537258
"Module_12592",16.6069811818575,-2.77394039679617,0.720659844623383,-3.84916742273302,0.000118519982007218,0.0106646170312875
"Module_12593",15.7140998772881,-2.35726734840035,0.708350869487739,-3.32782445810375,0.000875269999173919,0.0379242713418359
"Module_28289",14.6776103561441,-2.53968249319601,0.734556828111947,-3.45743500843064,0.000545343765049315,0.0281639331055574
"Module_28292",22.7092070464473,-2.05773054164826,0.570492842244517,-3.60693489781998,0.000309835357299292,0.0200633783024667
"Module_14222",64.1307445345115,1.28603885222562,0.360892740077049,3.56349327490227,0.000365952074729585,0.022312181053393
"Module_28296",22.881610844715,2.01584922869394,0.59976941613344,3.3610403839689,0.00077649471393323,0.0349976120445921
"Module_29916",51.8845802389048,-1.3156478559434,0.376161957109605,-3.49755691950541,0.000469540504573525,0.0258726424608883
"Module_29917",31.852963513993,-1.64701352407928,0.472176543732101,-3.48813075520699,0.000486410145520273,0.0263394363209772
"Module_7003",37.3648853336801,1.89999124802728,0.46120345638931,4.11963792054381,3.79468230954888e-05,0.00511382507209285
"Module_14306",48.0725972560504,-1.36151043572606,0.392943788304941,-3.46489873678693,0.000530431166133944,0.0276370654127409
"Module_20498",39.8807921411817,-1.41501430584814,0.424842483764589,-3.33067986353318,0.000866341741944659,0.0375935926896518
"Module_20499",34.2267928757371,-2.02161974492599,0.470573763353244,-4.29607407459398,1.73849511395913e-05,0.00310957412639494
"Module_20500",20.8641055478289,-2.52163031741513,0.621350437193097,-4.05830617711706,4.94299342731941e-05,0.00606685226765638
"Module_28333",15.9126083874742,-2.35896698943569,0.691831993890792,-3.40973966261534,0.000650249177351982,0.0312543957975328
"Module_11130",71.3079902629076,1.18760695702553,0.340333070950261,3.48954321044838,0.000483846827285365,0.0263323985743765
"Module_20501",14.5361233528069,-2.90874816202124,0.775733476981526,-3.74967466060577,0.000177064136938698,0.0141141287852167
"Module_28334",65.5282362928565,-1.57118880462978,0.351841265610205,-4.46561832906334,7.98378304532764e-06,0.00180150993732032
"Module_4747",55.3632849960162,-1.5251155315312,0.406207317741451,-3.75452500464783,0.000173670508081874,0.0139192641641358
"Module_1820",14.8183370908923,2.56399580826235,0.759592875684034,3.37548690929124,0.00073685197462633,0.0338474385574595
"Module_32410",33.2689766556929,1.71793663054302,0.475631431290287,3.61190728266764,0.000303953247025334,0.0198136989960914
"Module_32414",34.8244396195328,-1.91838545935116,0.46493628668849,-4.126125480579,3.68926024957819e-05,0.00501022037782993
"Module_32418",32.0761166297923,-1.75588633191514,0.476409716117404,-3.68566440295359,0.000228106774111478,0.0160462448723887
"Module_34476",32.383938903055,1.70326019859592,0.484393186347011,3.51627612981272,0.000437645563510095,0.0246042533496206
"Module_12685",41.8168228187017,1.37721559857872,0.421027297567219,3.27108386210716,0.00107136134950279,0.0423949142923656
"Module_37766",31.7355448491944,-2.31807750691754,0.504647134590175,-4.59346214023401,4.35952141621957e-06,0.00127882201223385
"Module_34482",37.8746059435754,2.04373767820287,0.468114559122102,4.36589214835719,1.26604941328784e-05,0.00246914068032343
"Module_1852",41.8193336286686,-1.46622972028803,0.415955542616658,-3.5249673824861,0.000423534938010989,0.0241242211099308
"Module_37770",33.7251749804817,1.60231503408805,0.490818425726622,3.26457799891261,0.00109627274378808,0.0431073252899188
"Module_36475",15.0856504101552,-2.85749460039731,0.770816666853678,-3.70710017475497,0.000209646031685124,0.0154321087968618
"Module_4780",29.5468712670342,-1.57076426181619,0.489219977023352,-3.21075249496856,0.00132387906088628,0.0491939689940286
"Module_4785",31.444371601892,2.10338468770315,0.506898838435942,4.1495156986219,3.33179438723514e-05,0.00463198372299315
"Module_12735",32.780098500648,1.88211969117587,0.496792493564509,3.78854293403586,0.000151533408018439,0.0125758874940189
"Module_29944",38.0494046192035,1.50983769427,0.446327773191766,3.382800231034,0.000717508036567705,0.0333028176339827
"Module_12744",34.2786664499532,1.52890034231753,0.473709438731511,3.22750660491712,0.00124874158130102,0.0472043628168609
"Module_28392",40.5714138630803,-2.25591579947066,0.461295342108656,-4.89039362322303,1.00634532750903e-06,0.000441824858225668
"Module_4794",40.3693531918605,1.5710814041833,0.442422325833484,3.55108979010841,0.000383639511016301,0.0230038331094834
"Module_1870",20.217852439893,-2.04481786241008,0.599836228118392,-3.40896025707618,0.000652109791911953,0.0312565173789955
"Module_12766",101.082528728872,1.40572808687198,0.331520969827382,4.24023882291344,2.23282097171586e-05,0.00352272007430729
"Module_1878",29.48270604597,-2.11898880743839,0.516994933924948,-4.0986645485118,4.1554076859741e-05,0.00545668871661178
"Module_1889",40.2220109998196,1.42758786261489,0.434498757339314,3.28559711276699,0.00101766455176322,0.0412322817146716
"Module_37814",120.252282847859,1.87472666500934,0.302359860434404,6.20031594906776,5.63499228182546e-10,1.83663181772298e-06
"Module_4828",54.595727472936,1.39823624542628,0.397659802978001,3.51616189254016,0.000437833921337082,0.0246042533496206
"Module_4829",110.527864691714,1.38724340416022,0.308595954491548,4.49533891799029,6.94592240046863e-06,0.00173079435258462
"Module_11241",28.5425529786841,2.2144331392796,0.535423252767314,4.1358553776557,3.53634867087729e-05,0.00484744167810815
"Module_10120",76.418010234005,1.19413717356048,0.331520103562013,3.60200531047768,0.000315771912212196,0.0203516054028761
"Module_4847",33.7563653663084,3.15979258378664,0.569735290107031,5.54607137499424,2.92159600588564e-08,3.42808388946598e-05
"Module_4848",14.0288558640629,2.47447867689264,0.768872969288169,3.21831924873565,0.00128944211820875,0.0482455294585912
"Module_8856",42.4695509691124,-1.41019506089761,0.412049045434088,-3.42239613590657,0.000620718075783694,0.0304484013963861
"Module_10123",223.754641345926,0.812407932196667,0.245607037488124,3.30775510549427,0.000940470115883791,0.0391717631545681
"Module_12769",57.0860793127538,1.67850203109461,0.381525595732025,4.39944803145935,1.08526561965482e-05,0.00225781430403933
"Module_12774",72.4130232433379,1.41833963311757,0.340588924566665,4.16437391474822,3.12208099806071e-05,0.0044243055071069
"Module_12776",28.2488633640732,2.23940056227639,0.543702186744992,4.11879999174385,3.8085052564314e-05,0.00511382507209285
"Module_12778",29.2443553192847,1.64436994847369,0.511814083160054,3.21282669347624,0.00131435573433716,0.0489902301283942
"Module_12779",49.6510541803732,1.53853249879567,0.398406571132319,3.86171466605829,0.000112594020026841,0.0103537084121234
"Module_37902",54.6876996843025,1.29838328873946,0.373595395664746,3.47537283330063,0.000510143798138332,0.0270606838600178
"Module_37910",22.1282065865545,1.90362424558238,0.587374603657728,3.24090322211419,0.00119151627708769,0.0460499848117132
"Module_20567",164.285881496847,0.903123523571677,0.251088343200971,3.59683572745079,0.000322111763018544,0.0205409270790999
"Module_8886",26.4796113735436,1.79814352385724,0.53377921768366,3.36870276002932,0.000755228258769476,0.0345064574104522
"Module_10167",30.8881800164396,-1.87408016330425,0.486822467094454,-3.84961724237892,0.000118302546977191,0.0106646170312875
"Module_8894",17.4221652827701,-2.25588109938016,0.66145075608431,-3.41050498261524,0.000648426993271136,0.0312543957975328
"Module_36571",54.1584748366183,-1.66545430272514,0.381670397942355,-4.36359306800806,1.27943472901467e-05,0.00246914068032343
"Module_32460",24.1614810851038,1.82235115363764,0.560951883997229,3.24867641169495,0.00115943290099712,0.0451670713384456
"Module_34592",50.5902526706898,-1.90510477023125,0.412778219993806,-4.61532289726875,3.92484613261046e-06,0.00119928579639578
"Module_34593",57.5582016089847,-1.29543755428679,0.369203794181737,-3.50873304852637,0.000450246577898244,0.025061732668059
"Module_32467",25.4416853472617,-2.32816124947539,0.565329834111729,-4.11823524780626,3.81784854022068e-05,0.00511382507209285
"Module_11322",66.469213682706,1.15635674372172,0.345057410736467,3.35120101102501,0.000804618740346077,0.0358703436615681
"Module_34625",41.683985711797,1.88533469384032,0.47128873454921,4.00038141298593,6.32404723333621e-05,0.00715829690293346
"Module_34685",32.1309876916682,-2.25520876945183,0.502922754966707,-4.48420507360246,7.31862522398677e-06,0.00173079435258462
"Module_34688",45.9059820555005,-1.58151429387252,0.406966432309164,-3.88610501583353,0.000101865453924216,0.00976044334923446
"Module_11378",35.3898018667587,1.5818588135538,0.465838606869121,3.39572287532242,0.000684476224445965,0.032228612468536
"Module_11382",21.4221325877435,1.9005014483185,0.592953178329978,3.20514589983506,0.00134994034056824,0.0495665076236164
"Module_20615",18.8501626456155,-2.2499091973349,0.630926530758849,-3.5660399232678,0.000362416185685969,0.0221920171976046
"Module_37999",55.388947351529,1.32583567439047,0.374334716829823,3.54184534530686,0.000397338360578183,0.0233577624633275
"Module_34718",29.6292202265825,-1.65959482322015,0.490475768918806,-3.38364283903061,0.000715309884982364,0.0332534075532055
"Module_34724",58.7688899375149,1.39885536426793,0.371411266980212,3.76632452655901,0.000165668424442229,0.0134246341507965
"Module_4966",33.741668608461,1.62888074608159,0.471497950063188,3.4546931664566,0.000550919408980901,0.0283520525316592
"Module_36634",43.5358188531566,-1.43676215821474,0.413042442104782,-3.47848553018737,0.000504255661118682,0.0269491589761916
"Module_36654",27.7362678828888,-1.69344156459645,0.504468269985979,-3.35688419936405,0.000788261195919073,0.0354101897719603
"Module_7148",14.7467131651019,-2.69472796770429,0.746653103504653,-3.60907622971863,0.000307289309774906,0.0199425323295069
"Module_7149",15.2730339829881,-2.38418719694214,0.713246991528701,-3.34272310329991,0.000829606364341638,0.0365400496870835
"Module_34751",61.9167671008191,-1.27709101397513,0.350194060126107,-3.64680946762845,0.000265516653565009,0.0178639117332018
"Module_34752",44.5941489195902,-1.64693401616913,0.407836669368447,-4.03821956156979,5.3858430960141e-05,0.00650157701145998
"Module_5081",43.0705564466058,-1.54874442216413,0.417604877312841,-3.70863585724819,0.00020837884723595,0.0154321087968618
"Module_20671",22.6056107993139,-2.52026662230868,0.600570924506119,-4.19645127572771,2.71129757254711e-05,0.00405781647923963
"Module_20677",30.3687340713966,-1.63494894117713,0.488257194542164,-3.34854039930781,0.000812384359079627,0.0359977081408486
"Module_30037",30.2444649427394,1.6324662344726,0.498703015759388,3.27342362665845,0.00106253100382395,0.0422762006850877
"Module_32502",36.6174186148655,-1.95139160969542,0.489941268042516,-3.98290925255573,6.80767551614548e-05,0.00745135647726162
"Module_8979",37.9469901379549,2.24151348624796,0.479849922630163,4.67128029105794,2.99328154964102e-06,0.0010209874532229
"Module_32508",34.5262990947212,-1.83826037628759,0.463557111919967,-3.96555317353208,7.32259252920359e-05,0.00789709298719331
"Module_8996",40.7422652236036,-2.08442033414258,0.440683069601717,-4.72997598030359,2.24546402632807e-06,0.000844467201901379
"Module_34796",19.4509067733184,2.25891729947257,0.649291221352092,3.47905104086972,0.000503192737131948,0.0269491589761916
"Module_32529",23.6762183372498,-1.93912157145128,0.555942727270483,-3.48798801806762,0.000486669887706063,0.0263394363209772
"Module_36670",32.3503000723743,-1.79767648378931,0.488569988159525,-3.67946563922453,0.000233723176662908,0.0163827312892739
"Module_32547",65.0688348851929,1.22249226935182,0.355746717404718,3.43641194575253,0.00058947393286588,0.0294576292107116
"Module_36678",21.8604454267711,3.14613251020745,0.717481014578066,4.38496970133435,1.16001923392013e-05,0.00236305584776481
"Module_32563",34.0087688409273,-1.68373394114143,0.47478886141352,-3.54627936327043,0.000390711769051922,0.0231571308026531
"Module_9080",23.2885851386745,-2.68967091318262,0.603377635536625,-4.45769076407764,8.28472999166862e-06,0.001855147095997
"Module_9081",21.8539090723792,-2.22216896816021,0.594515780722495,-3.73777961866661,0.000185652566340294,0.0145889238320805
"Module_9082",27.0950589428582,-2.41250885130461,0.55381689417558,-4.35614889447514,1.32370750085643e-05,0.00250513779549177
"Module_20731",30.1247044130986,-1.64482299352493,0.488460386272715,-3.36736210294565,0.00075890969636157,0.0345681009830284
"Module_20732",30.254490212008,-1.78805617201819,0.490771465258506,-3.64335805684293,0.000269104080730765,0.0180226006944207
"Module_10282",61.4524544484867,1.25073251880194,0.365896350079767,3.418270006053,0.000630205548278588,0.0307594834495909
"Module_7231",39.0169489164528,1.98081314260036,0.465120052429388,4.25871370682534,2.05606596841907e-05,0.00335070217320027
"Module_26279",104.998940646586,1.28160942934402,0.302612573092025,4.23514930740923,2.28399896189479e-05,0.00354491140466782
"Module_10302",25.6243444922244,-2.07618034272387,0.541372808622935,-3.83502885563269,0.000125549553914223,0.0110371378459374
"Module_10305",85.1765641493821,-1.47655607627066,0.312361187231672,-4.72707921671307,2.2777242226647e-06,0.000845756485413245
"Module_2117",31.8753803263571,-1.60858128818085,0.471705309795109,-3.41014030323202,0.000649294681343333,0.0312543957975328
"Module_2119",23.9331867204359,-2.14821212483292,0.560460640003003,-3.83294021293165,0.000126620735303541,0.0110874407444599
"Module_9158",66.7926089882384,1.26427445096229,0.343631651488434,3.67915599592211,0.000234007104731907,0.0163827312892739
"Module_9159",42.3420467837876,1.3673053565577,0.425834676190409,3.21088307976667,0.00132327763018993,0.0491939689940286
"Module_9160",75.9337699855748,1.46416134598896,0.344415892952244,4.25114338783425,2.12681944608264e-05,0.0034279187709554
"Module_9161",88.0081114995126,1.45687612498025,0.325102954925238,4.48127617085264,7.41980229419679e-06,0.00173079435258462
"Module_9162",88.6981909687582,1.60711350970516,0.345290615224614,4.65437935131749,3.24958044178144e-06,0.00107104710875524
"Module_32613",97.9422545535921,1.01924197025932,0.315249403750964,3.23312893896696,0.00122442285244395,0.0468893210882386
"Module_34829",19.2651502444485,-2.38242781007809,0.638536482732785,-3.73107547415593,0.000190664087729941,0.014835385542361
"Module_10363",93.6257866218435,1.06422622318776,0.307713732050234,3.4584944132881,0.000543203538338182,0.0281028793538134
"Module_10376",35.0982090564006,-1.82445567327569,0.46615225994815,-3.91386212195694,9.08315136467662e-05,0.00908774823256433
"Module_36697",28.3677373856529,1.64151318938457,0.508289729613608,3.22948329220111,0.00124014127345496,0.0470478703066267
"Module_38216",31.8522806669067,-1.77913540379698,0.479384646853032,-3.71128991192416,0.000206205770732436,0.0154321087968618
"Module_32658",63.708199215749,1.1489600470377,0.35584459609106,3.22882533459546,0.00124299786894511,0.0470478703066267
"Module_9215",48.6830978116498,-2.06076496001591,0.405178585702563,-5.0860658305587,3.65567209547205e-07,0.000228160606911866
"Module_30141",19.7484465488439,-1.96388114818067,0.612254619374895,-3.20762161041067,0.00133837462277201,0.0493432541985034
"Module_26329",19.9579780926689,-2.12951814885417,0.608620851541413,-3.4989240731087,0.000467139583526812,0.0258548538550481
"Module_20811",24.578953150679,-1.87249045710261,0.539195098395161,-3.47275125956416,0.000515152557966072,0.0271871837420031
"Module_36710",50.9215378569077,-1.27269465491877,0.378041663502332,-3.36654601275428,0.000761158827538036,0.0346041356513721
"Module_5194",26.4185454706266,-1.66116718427325,0.514832252282019,-3.22661833424391,0.00125262423698553,0.0472901922364652
"Module_5199",44.8460928675584,1.47674464822359,0.412127177819834,3.58322558593593,0.00033937727243692,0.0212495097880263
"Module_5201",25.7003976612883,1.89473057116527,0.544709085265542,3.47842659947851,0.0005043665465988,0.0269491589761916
"Module_9219",31.8062775173994,-1.56303030647912,0.476149043979064,-3.28264925918415,0.00102836528456826,0.0414369055735239
"Module_9225",33.7485190723195,-1.74171238060999,0.464765602254524,-3.74750707057739,0.000178600803818577,0.0141980378840492
"Module_5205",24.9774160287839,1.94935668989305,0.553441387414047,3.52224595815179,0.00042790693928249,0.0242789596845504
"Module_26364",34.3667349329115,-1.64445775134322,0.458004639163131,-3.5904827391006,0.000330066088994174,0.0208769417286478
"Module_26365",63.7630381242166,-1.32242185589886,0.346968572002826,-3.81135919102232,0.00013820477355774,0.0117510110943268
"Module_20838",59.1949364122598,-1.21021808708099,0.354666374769184,-3.4122718508869,0.00064423830138377,0.0312543957975328
"Module_20844",83.2318986318195,-1.55757248123753,0.31899717373207,-4.88271561473378,1.04634725264939e-06,0.000451375739841428
"Module_20852",65.7790862033084,2.22761401050542,0.381971875429061,5.83187965868741,5.48064417554649e-09,9.45701272032239e-06
"Module_36735",35.2141044419637,-2.21943115847351,0.478115476022816,-4.64203998777819,3.44986072504994e-06,0.00111206829130346
"Module_5228",84.5362125589039,-1.01038181536747,0.30771106574596,-3.28354072323683,0.00102511832927401,0.041419863734055
"Module_20862",26.8662900683764,-1.96680833413512,0.530830279517969,-3.70515475477609,0.000211261707650131,0.0154321087968618
"Module_34896",38.0239167661568,-1.52464985480423,0.454107009019034,-3.35746822780339,0.000786597831336672,0.0353896637798005
"Module_34901",65.3076364472981,1.8879794640784,0.370726762061753,5.09264411767475,3.531041195911e-07,0.000228160606911866
"Module_34902",106.708362573261,1.32288929377584,0.310453586226517,4.26114998333638,2.03377682886623e-05,0.003332894385361
"Module_34903",102.866930320136,1.13415086683849,0.315289001894266,3.59717865204455,0.00032168754640616,0.0205409270790999
"Module_34905",78.7954747356273,1.47100627811654,0.333948026179737,4.40489586042595,1.05834708435636e-05,0.00221753952660782
"Module_34906",104.036285927078,1.72300674094276,0.299383318780463,5.75518618726463,8.65463536968629e-09,1.33618459965462e-05
"Module_26393",48.6612892401532,1.50210869642359,0.405515690780027,3.70419377246346,0.000212064113654661,0.0154359521338606
"Module_26401",78.0915162130969,-1.56032089818742,0.333427134108975,-4.67964583133614,2.87370897185821e-06,0.0010035402259582
"Module_5244",36.7438503563746,-1.98800815177436,0.455851490246812,-4.36108731529647,1.29417704546573e-05,0.0024812672844243
"Module_5245",81.9284853149153,-1.57470527403264,0.319316323686615,-4.93149005303623,8.16047240383023e-07,0.00041278470709259
"Module_26411",26.5001078183612,2.23669517024813,0.557911712335636,4.00904860176613,6.096386951426e-05,0.00701299666012275
"Module_38242",25.5375446224753,-1.82555198364054,0.530584331825182,-3.44064435027838,0.000580330788307945,0.0292332301037356
"Module_9367",17.9601778792625,2.15304016840241,0.663002112025025,3.2474107236647,0.00116460194069796,0.0452899528751148
"Module_28619",26.6216888193012,-2.93832950648644,0.582759801050134,-5.0420936742575,4.60465764808339e-07,0.000270146054897757
"Module_9379",29.5441303796409,2.01750859810883,0.538887613465822,3.74383924902885,0.000181229624728552,0.0143680805723982
"Module_36781",29.7777274467203,-1.83474699670478,0.519481752552181,-3.53187958516499,0.000412617198621258,0.0239606589119892
"Module_7445",50.5918373350692,1.80375692018414,0.412375702427197,4.37406207389869,1.21955676212297e-05,0.0024495690170626
"Module_7448",24.2904047849367,2.1761776666407,0.587961621950961,3.701224000675,0.000214561955653544,0.0155406429805952
"Module_7449",17.374270924225,2.43811377518061,0.707680346533407,3.44521899911985,0.00057059689381788,0.028996733077344
"Module_5290",16.9810993884701,-2.27374951809277,0.668951976287006,-3.39897271955625,0.00067639462661605,0.0319506601886557
"Module_5294",59.5820660157392,-1.33634603937338,0.359411209228637,-3.71815348286277,0.000200684333161888,0.0151723562602341
"Module_38310",73.9391407016349,-2.07731148546274,0.342493755557814,-6.06525360463714,1.31745601051231e-09,2.97278881633601e-06
"Module_32740",24.6109546305308,-1.90231016642089,0.551540477066062,-3.44908532650277,0.000562488930148361,0.0287958992617313
"Module_38317",88.1629434890285,1.04927348700825,0.315557471061264,3.32514227433562,0.000883734257982482,0.0380109394775046
"Module_26479",38.9767982135916,-1.8516276887925,0.447193674095442,-4.14054982449801,3.46474339031254e-05,0.00478495305631162
"Module_30220",20.2266476802828,-1.94265534178633,0.59310302580524,-3.27540959540518,0.00105508877571229,0.0421088083629175
"Module_5331",65.9068734053511,-1.57494313738954,0.348445765204375,-4.51990896335268,6.1866228870738e-06,0.00160600350238427
"Module_38346",119.847695686837,1.50815642425192,0.283340843493015,5.32276393921688,1.02202336610363e-07,9.08485861251025e-05
"Module_34963",39.6077782233787,-1.60547300696557,0.430708419081371,-3.72751712258092,0.000193375426956865,0.0148973729602783
"Module_34964",42.3916575960622,-1.55632600297004,0.416430219052878,-3.73730323056218,0.000186004551482856,0.0145889238320805
"Module_38365",27.4966938110889,-2.07113706877549,0.525497375235971,-3.94128908416613,8.10448802656666e-05,0.00843039190678392
"Module_20940",41.8993698818835,-2.22799039968514,0.44423211215311,-5.01537448269214,5.29302699214245e-07,0.000304442458406875
"Module_35001",39.927945963825,1.42607760579365,0.430886530502923,3.30963607548641,0.00093417345336211,0.0390356753289518
"Module_28629",21.7149526116962,-2.13493456716229,0.587744912554524,-3.6324169236671,0.000280778985239709,0.0185086983213969
"Module_36834",53.2787670106609,-1.42055375393619,0.381830354186913,-3.72037932123335,0.000198923778459558,0.0151564418632018
"Module_36835",42.0881144725915,-1.71748229482118,0.426707801608248,-4.02496108191142,5.69847388144757e-05,0.00674028358219286
"Module_7521",32.7826773062962,-2.13905986954707,0.490877918286653,-4.35762088670272,1.31483878953224e-05,0.00250451175663238
"Module_7522",37.6405044003559,-2.62408623300088,0.479964862730124,-5.46724653566226,4.57080120629403e-08,4.78856723519389e-05
"Module_7523",43.954305673732,-1.83683684121918,0.439293456789658,-4.1813435024567,2.89791677662179e-05,0.00425037453627118
"Module_9416",26.1517235785807,-1.74410244559906,0.521613102814013,-3.34367069421746,0.000826778139745127,0.0365251655892824
"Module_9417",28.1770649358167,-2.02322225139838,0.515157098389627,-3.92738886394643,8.58730796026879e-05,0.00871626614901469
"Module_38490",90.0438826326831,1.46357392792505,0.344853739267195,4.24404250635388,2.19528740772918e-05,0.00351893774963539
"Module_32804",19.9899795725208,-2.17652723746587,0.618152777776051,-3.52101829145933,0.000429892961198748,0.02434455622356
"Module_20980",34.402691146223,2.15827184957871,0.514878758310778,4.19180596352353,2.76742643560991e-05,0.00409998419505965
"Module_20994",14.8525372054844,-2.36561825686366,0.718289133213008,-3.29340671810238,0.000989811796693552,0.0405942011506268
"Module_32816",16.8182538412387,-2.26694813573744,0.678361038230844,-3.34180179576588,0.0008323647449184,0.0365517775859825
"Module_26608",24.9068795299723,1.83153506475162,0.551698667480597,3.31981056455248,0.000900785499368259,0.0384192478457964
"Module_9475",54.0639039073011,-1.42939026841942,0.382552315661237,-3.73645697569163,0.000186631364601784,0.01459905186461
"Module_36872",23.3763366968819,-2.26228452472443,0.582653018196263,-3.88273029414291,0.000103290113956675,0.0097739103316294
"Module_9487",36.2491509206591,-1.93137035360895,0.471915929562724,-4.09261529992971,4.26535035422198e-05,0.00553627377392688
"Module_36873",24.3547417664096,-1.93274224903617,0.545093182642127,-3.54570981729758,0.000391557130910068,0.0231571308026531
"Module_30314",68.5001047371832,-1.22056952049403,0.341040364769584,-3.5789591103642,0.000344965430822056,0.0215302466973068
"Module_7562",28.3220172528633,-2.64516274267943,0.547301068933504,-4.83310355639157,1.34420817972144e-06,0.000555366235830262
"Module_38640",75.0900778163692,-1.14041699670149,0.328534437923853,-3.47122512911665,0.000518089442686975,0.0271871837420031
"Module_32855",23.7549738093765,-2.25096802406997,0.577133113999271,-3.90025796383746,9.60902477200137e-05,0.00939570442206294
"Module_38651",31.5211869737849,-2.11036106900387,0.491751844801765,-4.29151632334922,1.77457155151509e-05,0.00313536357028614
"Module_35085",24.2916348138154,-2.45875538738691,0.573324639579685,-4.28859186863043,1.79809426024716e-05,0.00313536357028614
"Module_38655",25.0832325775848,-1.7720038603452,0.531051575622353,-3.33678298245993,0.000847540988187724,0.0368868951743304
"Module_38673",24.4459614536106,1.83072890936792,0.554080725987377,3.30408336457751,0.000952874927406976,0.0394797077973958
"Module_38677",48.6392261822455,2.33175547372841,0.427522488424328,5.45411185812074,4.92182140532571e-08,4.9785072104767e-05
"Module_32870",42.5142270087777,-1.87965612645458,0.440202748290998,-4.26997817199456,1.95492099020138e-05,0.00322166586104311
"Module_40076",46.7158003874596,1.44139172306266,0.422320466850138,3.41302834270199,0.000642452601779932,0.0312543957975328
"Module_32877",37.2240953527748,-1.45815588222424,0.446159459196675,-3.26823930809333,0.0010821882091049,0.0426678883412408
"Module_38754",46.2314411382968,1.44632146945308,0.417555051890794,3.46378630291689,0.000532629457126277,0.0276533672483933
"Module_30373",49.6650236966204,-1.63484298581727,0.41332009943358,-3.95539193002634,7.64092829707593e-05,0.0082102194383306
"Module_26678",40.9961437144641,-1.7282435229817,0.431991486435663,-4.00064255256819,6.31707185982622e-05,0.00715829690293346
"Module_26679",43.0706677029149,-1.87819041027976,0.423650696022418,-4.43334668847179,9.27814906362905e-06,0.00200121488700364
"Module_35143",33.7585565094671,-2.30738171888424,0.495005457371244,-4.66132581878536,3.14178895156377e-06,0.00105932456442726
"Module_38852",45.3875075316031,1.54694745993284,0.416773106089166,3.71172572637612,0.000205850977397271,0.0154321087968618
"Module_35166",35.4662418172679,-2.06929654218484,0.465224051819897,-4.44795692331471,8.66909090625036e-06,0.00192650842912082
"Module_28675",16.1926764301107,-2.26440134506543,0.681911000119226,-3.32066991831708,0.000898016760330185,0.0384000344716117
"Module_30456",33.9859766071794,-1.73736389405631,0.468853750152386,-3.70555614302251,0.000210927399335494,0.0154321087968618
"Module_28689",140.869832871033,1.09805600602677,0.282004954242016,3.89374721794578,9.87075088805334e-05,0.00955605962211738
"Module_28694",97.3890227525131,1.10692450961816,0.312891283570921,3.53772881425527,0.000403584331561944,0.0235362679563381
"Module_30506",64.3199947277823,-1.40864018492892,0.347781596957776,-4.05035860796265,5.11392020798428e-05,0.00625048897420879
"Module_30508",28.782824072916,-1.98652287764558,0.51403904358986,-3.86453694990254,0.00011130014129711,0.0102669130339919
"Module_30510",20.0139413310478,-2.69628299663816,0.646875907314642,-4.16816110501188,3.0706687828126e-05,0.00441056628306453
"Module_36945",67.7234556552302,-1.23843047730328,0.336921364999308,-3.67572557265942,0.000237174369479384,0.0165255889651027
"Module_26762",20.2024897523624,-2.58747159423813,0.634344883529658,-4.07896660226969,4.52363343129985e-05,0.00573548046949314
"Module_32995",35.8082472877196,-1.46872085230434,0.448216833606708,-3.2768087724101,0.00104987448412453,0.0419853212853965
"Module_37007",73.3337966309091,1.29870228627046,0.352317449527073,3.686170775855,0.000227653615055843,0.0160462448723887
"Module_21081",63.5631525597965,2.13858617447083,0.377269971249487,5.66858307696213,1.43983252734057e-08,1.83925524659358e-05
"Module_21082",112.47901088232,2.42566021620202,0.327813592430365,7.39951079581084,1.36687110712732e-13,1.00239492641182e-09
"Module_21083",58.186925548058,2.36887797932145,0.402538793809312,5.88484393492672,3.98429774356083e-09,7.30471187560083e-06
"Module_35255",35.3300847406111,-1.6031266782679,0.456238129223165,-3.51379373091316,0.000441755702938067,0.0247298889121856
"Module_26799",40.5108884581917,-1.56492495218838,0.428241621652751,-3.65430372262446,0.00025788085312365,0.0174703855554946
"Module_30600",22.2578056418921,-2.02388225619345,0.60343802639715,-3.35391899028491,0.000796756854680357,0.0356281487426732
"Module_35355",20.4550072253478,-2.65787212144336,0.637962564343663,-4.16618822168316,3.09735001810627e-05,0.00441056628306453
"Module_28773",25.844104966293,-1.88226061218013,0.527713563988324,-3.56682249733072,0.000361336055340027,0.0221745436136911
"Module_28782",20.9037374195889,-2.24541496732798,0.617185849699196,-3.63815043462573,0.00027460302101791,0.0181833070395922
"Module_30700",27.3700176371924,2.5532760350377,0.571219593197776,4.4698677451592,7.82679790822546e-06,0.00177977744061927
"Module_26870",29.1663892742558,1.76100087562003,0.50658549263555,3.47621655420547,0.000508541472083312,0.0270606838600178
"Module_2381",53.4949679053409,-1.38506780990589,0.396046503024988,-3.49723529769053,0.000470106989556605,0.0258726424608883
"Module_35418",50.4975805152187,-2.50216801772257,0.421719349029073,-5.93325400763168,2.96988837081373e-09,5.80791369796333e-06
"Module_30760",30.646918649419,1.65234301264046,0.5109355549122,3.23395582232363,0.00122088339166157,0.0468893210882386
"Module_2538",38.6760402988015,1.54140540690794,0.439036847344032,3.5108793629344,0.000446627032489142,0.0249075235190808
"Module_2541",39.8140095301389,1.41931907448854,0.431309098653034,3.29072370353659,0.000999300113209073,0.0407131521123263
"Module_21155",24.2206116373111,-1.96499302637783,0.554118046297519,-3.54616320386501,0.000390884042782608,0.0231571308026531
"Module_35448",21.4117849096093,-2.54188564894516,0.620426449542267,-4.09699755840598,4.18543315346577e-05,0.00545668871661178
"Module_33144",34.6172471252659,-2.49638955630851,0.506352511888411,-4.9301415470388,8.21700577753705e-07,0.00041278470709259
"Module_33160",25.105760646258,-2.38070531451254,0.566834272214939,-4.2000024190665,2.669121285886e-05,0.00401517968206051
"Module_33161",30.070879378587,-2.51477301804906,0.529235208646514,-4.75171148284037,2.0170204518278e-06,0.000778516814919956
"Module_30777",29.0951624367765,-1.66004997335113,0.495689261510202,-3.34897304067775,0.000811116877299107,0.0359959190297913
"Module_28883",31.6941548712482,-1.60767936587452,0.489128878543918,-3.28682160550487,0.00101325000474037,0.0411102014371425
"Module_2602",82.9803941592095,1.07175494730613,0.320981067688607,3.33899739016965,0.000840813542579923,0.0367577115619068
"Module_33173",50.7691390762406,-1.53471155900215,0.383986643876379,-3.99678369932117,6.42089201592009e-05,0.00718894833568702
"Module_2606",75.7346454900976,-1.07212763251532,0.325566569606915,-3.29311339862011,0.000990845027062412,0.0405942011506268
"Module_2607",61.1625734155607,-1.34235311381374,0.351946658185616,-3.81408114722255,0.00013669055216548,0.0116560484221575
"Module_2639",96.0403230412208,1.2617449329382,0.307357178990771,4.10514222274302,4.04066207275049e-05,0.00536758832639307
"Module_2675",28.89288867876,2.06352705969689,0.534796641880014,3.85852658394189,0.0001140726614545,0.0103886856753642
"Module_2677",43.5672082236609,1.93885687081795,0.432354914281478,4.48441039242052,7.31158232397473e-06,0.00173079435258462
"Module_2678",37.101993766109,2.05123762609181,0.479141145022692,4.28107176225633,1.85995362247926e-05,0.00317208602103527
"Module_2696",18.216284163372,2.69523139392413,0.700912896079251,3.84531574322665,0.000120397306924447,0.0108004116248371
"Module_21234",71.3994654897156,-1.30790758006729,0.335041231854311,-3.9037212608985,9.47248706784501e-05,0.00932436025664985
"Module_28926",95.7897428531851,1.53979931322627,0.312923893274667,4.9206831000109,8.6242674579731e-07,0.000417158963229544
"Module_28927",39.8910748917608,1.72022907825747,0.454114302585569,3.78809711225364,0.000151805516010941,0.0125758874940189
"Module_30858",64.3290927175772,-1.24343407752241,0.351370832400165,-3.53880846918535,0.000401937367754323,0.0234869138360664
"Module_30859",71.2994288951975,-2.4197167383322,0.363886355119692,-6.64964955208691,2.93791695542518e-11,1.23115508529203e-07
"Module_30861",19.5525751613237,-2.13445564706718,0.623306957391613,-3.42440529783167,0.000616146549273316,0.030376542649384
"Module_30862",32.1900530634784,-1.72367374175169,0.473661168728561,-3.63904380504425,0.000273652252018357,0.0181833070395922
"Module_21253",48.4850646190949,2.7954702910512,0.454673082067556,6.14830831493087,7.83136943091383e-10,2.00377027283907e-06
"Module_21254",135.700192675136,1.16744113832431,0.267180920735759,4.36947793693286,1.24543921746729e-05,0.00246849418953957
"Module_28956",42.3633515073462,-1.49359916947362,0.414716047298087,-3.60149837269273,0.000316388403489825,0.0203516054028761
"Module_2750",34.686434847308,-1.49748592747523,0.453795050504957,-3.2999168364858,0.000967134833858476,0.0398454118207929
"Module_2752",27.8789244110051,-1.92026763589165,0.522257818462669,-3.67685761324589,0.000236124751268569,0.0164916272707433
"Module_21267",17.0415937006099,2.80127671581555,0.733336789623819,3.81990479061131,0.00013350319685472,0.0114844069693148
"Module_21268",42.3907766453425,1.750641618425,0.430816192942039,4.06354646623167,4.83326952699789e-05,0.00600443556050694
"Module_21269",41.5354786712745,1.74368961232556,0.435811315557957,4.00101959283266,6.30701347829476e-05,0.00715829690293346
"Module_21273",28.5301689271701,1.7257816792197,0.515247665058252,3.34942163983332,0.000809804582892336,0.0359921327796421
"Module_30933",30.662227516614,-2.26509685691699,0.505258443564093,-4.48304602480068,7.35850506315292e-06,0.00173079435258462
"Module_30935",42.8057661784155,-2.15526181020449,0.432217718757008,-4.9865188692465,6.14769048741702e-07,0.000346800678380559
"Module_2801",67.3540911082234,-1.22330912073236,0.34020287842734,-3.59582237042604,0.00032336840331584,0.0205763313294292
"Module_30971",26.1275656506603,-2.18342860608233,0.54412034799033,-4.01276778960146,6.00109399948254e-05,0.00695794827592177
"Module_31067",48.7370341024704,-1.87864820340354,0.401351067301069,-4.68081028421508,2.85743276409791e-06,0.0010035402259582
"Module_21388",23.5517144548688,1.85007966529803,0.570517133569914,3.24281175171982,0.00118356383953179,0.0458634896549875
"Module_21392",46.4771392401724,1.82973477317543,0.414931975180562,4.40972227406481,1.0350327341016e-05,0.00218429138288752
"Module_2848",33.1839320768458,-1.71024434340015,0.467123736791375,-3.66122337337777,0.000251013787841972,0.0172845973064704
"Module_21407",121.812896486389,0.996145417316648,0.28061442864046,3.54987240728441,0.000385417903674127,0.0230261686076921
"Module_27088",189.218212336164,1.03354262084482,0.277952613164179,3.71841303839205,0.000200478283045096,0.0151723562602341
"Module_27110",61.3792806473941,1.40399917136304,0.366970909907215,3.82591408054122,0.000130287729453224,0.011240765458179
"Module_2900",74.8709720915374,1.22696949804253,0.349104502756965,3.51461951465205,0.000440384459704699,0.0247002633670701
"Module_27143",47.5854027805883,1.52100616805012,0.408933673312998,3.71944466134964,0.000199661284651862,0.0151723562602341
"Module_29023",22.5234655007405,3.28205326727773,0.696221594995572,4.71409288489335,2.4278990052927e-06,0.000879259128657483
"Module_29024",78.0937450670053,1.51340114593075,0.352447883156638,4.29397144444799,1.75505057608879e-05,0.00312016082418113
"Module_29032",36.4964666406762,-1.91525580840306,0.46094789405214,-4.15503755004989,3.25234125062114e-05,0.00458095696938129
"Module_29033",25.5561037823432,-2.67005699120324,0.578855744531168,-4.61264661606804,3.97573915411508e-06,0.00120231270460631
"Module_29034",13.973384052901,-2.76578211552925,0.776951449634801,-3.55978757337962,0.000371154900745658,0.0224902754165322
"Module_29043",33.1306786331114,-1.82749361521217,0.471501022352548,-3.87590594415664,0.00010622871534505,0.0100196563856325
"Module_29090",31.3619302376777,-1.75820384377552,0.483254917041,-3.63825339748452,0.000274493285216697,0.0181833070395922
"Module_29092",42.2447679940659,-1.86720611082871,0.42518259322587,-4.3915394011363,1.12550933940273e-05,0.00230878957776501
"Module_21453",15.2039311740304,-2.2541360759272,0.697573388253235,-3.23139631454648,0.00123187007781028,0.0469904770643522
"Module_27255",18.2400591783271,-2.70782618775455,0.675212597500926,-4.01033126126004,6.06336197539861e-05,0.00700246693647019
"Module_27347",15.8457333717655,-2.64693407536561,0.715707648284328,-3.69834538126113,0.000217009476802698,0.0155641955807588
"Module_27365",22.6664003692772,-3.3650928925404,0.684026015019639,-4.91953934302306,8.67481310322568e-07,0.000417158963229544
"Module_27373",31.0504539728938,-2.63757275559493,0.532948400571254,-4.94902086725053,7.45877508639415e-07,0.00039781037888052
"Module_27406",33.0093853251866,-1.95103387584927,0.477745351683826,-4.08383643916743,4.4298216129748e-05,0.00567442738842807
"Module_27414",35.3150974744643,-1.82721549374031,0.458128879947684,-3.98843114616343,6.65117013382509e-05,0.00733479040246711
"Module_27426",33.557157091633,1.62332821752213,0.470799031040806,3.44802794927891,0.000564695599981475,0.0288585030136875
"Module_2946",20.0825574623128,-1.90931335094791,0.595062430637091,-3.20859333852374,0.00133386006030636,0.049341047930677
"Module_2948",68.4158184926851,-1.54165731017889,0.341590970388491,-4.5131676297695,6.38665033818319e-06,0.00162909566104579
"Module_2949",40.8396741212775,-2.20474844412627,0.44421943092561,-4.96319676861564,6.93422668001911e-07,0.00037668260265126
"Module_2951",66.8580353309302,-1.47010703525428,0.343264255730846,-4.28272682258824,1.84616777145533e-05,0.00316698745075266
"Module_3001",185.755279596,1.18454043675009,0.263834292720668,4.48971369314835,7.13189681594739e-06,0.00173079435258462
"Module_3052",63.2696685404006,1.16313659042897,0.356752494441089,3.26034606219423,0.00111276352670177,0.0435805144089049
"Module_3064",32.2883437929161,1.82420426868608,0.489495339216846,3.72670406138017,0.000194000016050532,0.0148973729602783
"Module_21628",152.062827526787,1.11136303434678,0.284231593433107,3.91006158366534,9.22725931361061e-05,0.00917533643069335
"Module_21636",68.0531156584983,-1.18699140097995,0.33696317494807,-3.52261460369631,0.000427312248220384,0.0242789596845504
"Module_21665",90.2796376363171,1.34960718342682,0.315358805140377,4.27959251946704,1.87235793754817e-05,0.00317478310636058
"Module_21669",49.9696231543211,1.7327517881335,0.399505800779791,4.33723811957514,1.44284286508062e-05,0.00267875649394146
"Module_21689",92.3264873780867,1.02445473346872,0.305528014644654,3.35306317052537,0.000799224631172374,0.0356841024822077
"Module_3290",78.5469714395418,-1.15939383956521,0.317139707632141,-3.65578264614541,0.000256398532001148,0.0174703855554946
"Module_3292",75.6950352852648,-1.58758186465388,0.32747595812947,-4.84793410094007,1.24753825219546e-06,0.000522789815570022
"Module_3307",42.4507087925267,1.64521144607997,0.426720062939069,3.85548182278669,0.000115501913173361,0.0104572009908252
"Module_3318",133.876851485021,0.870443545429648,0.267166178619289,3.25806039495002,0.00112176529621572,0.0438744842655891
"Module_3325",74.4634695406553,1.58486646580091,0.341969884138662,4.63452058005868,3.57765642705925e-06,0.00114072797425387
"Module_21770",46.3663795461364,-1.33577781897152,0.394669175535294,-3.38455066109429,0.000712948609353591,0.0332490214734153
"Module_21832",31.166223926802,1.82241569137759,0.498664832937629,3.65459036010573,0.000257592930819808,0.0174703855554946
"Module_21843",26.0958669202135,-1.73096526409184,0.524998463505209,-3.29708634294825,0.000976934633563269,0.0401927076310588
"Module_21844",42.3709818992543,-1.38664886372188,0.42151105165594,-3.28970938786616,0.00100290906027215,0.0408035150818629
"Module_21853",70.1733070932893,1.23441076358543,0.346813012045999,3.5592977215679,0.000371847807220908,0.0224902754165322
"Module_21854",73.0213902713674,1.25781253291235,0.363075885703248,3.46432407780558,0.000531565697288508,0.0276470712132289
"Module_21859",19.9335202306276,2.30578046103666,0.651308022253432,3.54023040136829,0.000399777854998789,0.0234073524920848
"Module_21860",18.5386938724131,2.11025455927281,0.645960611046694,3.2668471160392,0.00108752393484243,0.042820707523044
"Module_21862",34.2578794968362,2.18403491338664,0.50684401013503,4.30908695715825,1.63929908793471e-05,0.00295013493530532
"Module_3388",17.0092847950555,2.42647022740228,0.712022811128557,3.40785462133765,0.000654757685177858,0.0312812083664614
"Module_3451",31.6927550894275,-1.7254760229009,0.503986388003542,-3.42365600336169,0.000617847773299208,0.0304093063455687
"Module_3550",21.1680626770137,-2.3484193997673,0.633452787289751,-3.70733138584028,0.000209454783761384,0.0154321087968618
"Module_21942",39.4890834537894,-1.64531831705419,0.43218558281137,-3.80697177900146,0.000140678791316636,0.0118395025495201
"Module_21943",27.2199071538741,-1.85334032557415,0.518171621785287,-3.57669206041954,0.000347969680651846,0.0216355561286449
"Module_21949",44.471349249833,-1.63253398288531,0.449392212679476,-3.63275984056647,0.00028040597608937,0.0185086983213969
"Module_21977",52.7822925513561,-1.56733479664952,0.378591685868916,-4.13990812569559,3.47444944772065e-05,0.00478495305631162
"Module_3590",22.1008446947152,-1.90129504935937,0.569161614652583,-3.34051875673295,0.000836220319853498,0.0366114729292276
"Module_22006",63.8018758925814,-1.13177492413455,0.34507933148587,-3.27975285932444,0.00103898057741283,0.0416834517510209
"Module_22028",39.8719780491487,1.82892618383902,0.466844129100098,3.91763775066532,8.9420948310071e-05,0.00901206759491992
"Module_22031",111.347901467436,1.04021261086754,0.305465392813793,3.40533702127637,0.000660824448717031,0.031468546069262
"Module_22140",67.0267851376766,1.16884378984288,0.34433654734224,3.39448077430233,0.000687588676070793,0.032271561958177
"Module_22206",48.0960534852414,1.32454639016545,0.403838353744478,3.27989250620692,0.00103846645443805,0.0416834517510209
"Module_22207",46.1089488942421,1.52977634152679,0.422369878121696,3.62188787782356,0.000292460883859325,0.0191925001501777
"Module_3718",36.384232738216,-1.5578481985793,0.450088636152394,-3.46120313522387,0.000537766864630428,0.0278707653835141
